Country Name,Country Code,Year,Fixed Broadband,Internet Users (%),Mobile Subscriptions,Internet-Mobile Gap,Internet-Broadband Gap,Internet Users (%) Normalized,Mobile Subscriptions Normalized,Fixed Broadband Normalized,Digital Connectivity Score
Algeria,DZA,2010,2.48699605031867,12.5,90.5823787597715,78.0823787597715,10.01300394968133,0.13153829193074207,0.44932493356744385,0.07409597462222436,0.2183197333734701
Algeria,DZA,2011,2.65762135149911,14.89999962,96.5112947931918,81.61129517319179,12.24237826850089,0.1580225075514634,0.48055745412112394,0.07917947605543144,0.23925314590933958
Algeria,DZA,2012,3.06737211964693,18.20000076,99.6853251935403,81.48532443354028,15.132628640353072,0.19443832237579506,0.49727770604543764,0.09138732918580834,0.26103445253568036
Algeria,DZA,2013,3.33210366559778,22.5,102.871008201635,80.371008201635,19.16789633440222,0.2418892078226427,0.5140593419240671,0.09927457207385515,0.2850743739401883
Algeria,DZA,2014,4.08032326259352,29.5,110.440351392657,80.940351392657,25.41967673740648,0.31913484894697314,0.5539333535408368,0.12156654968425123,0.3315449173906871
Algeria,DZA,2015,5.67060147059702,38.20000076,108.016371207167,69.816370447167,32.52939928940298,0.41514015415959626,0.5411642384887292,0.16894628465705316,0.37508355910179286
Algeria,DZA,2016,7.00004046440209,42.94549942,115.154200093555,72.208700673555,35.94545895559791,0.4675071665090749,0.5787651061930672,0.20855474239230126,0.4182756716981478
Algeria,DZA,2017,7.70045809597326,47.69110107,109.96986300969,62.27876193969,39.99064297402674,0.5198753153626364,0.5514549008171933,0.22942253872322263,0.4335842516343508
Algeria,DZA,2018,7.21566750856693,49.0384680793271,110.938066513767,61.899598434439895,41.82280057076017,0.5347436337148141,0.5565552320869862,0.21497899706301374,0.4354259542882714
Algeria,DZA,2019,8.27526635803041,55.79069901,104.922068012909,49.131369002909,47.51543265196959,0.6092551204661516,0.5248639759164104,0.24654800958698786,0.4602223686565166
Algeria,DZA,2020,8.6064465013707,63.47269821,103.436671524065,39.96397331406501,54.8662517086293,0.6940266852262363,0.5170391600298847,0.25641497961823595,0.48916027495811903
Algeria,DZA,2021,9.33184191925225,72.21240234,105.037092587919,32.82469024791901,62.88056042074775,0.7904701207632091,0.5254699058002085,0.2780269481887297,0.5313223249173824
Algeria,DZA,2022,10.3517244580598,74.78150177,107.787115922596,33.005614152595996,64.4297773119402,0.8188203682749952,0.5399565606692015,0.30841267827601754,0.5557298690734047
Algeria,DZA,2023,12.0086836084024,76.19760132,111.60623555659,35.40863423658999,64.18891771159761,0.834447156508656,0.5600750328812071,0.3577790627293085,0.5841004173730572
Algeria,DZA,2024,13.3173088877016,77.4178009,115.457278573892,38.039477673891994,64.1004920122984,0.8479121706310472,0.5803616720430717,0.39676740992532855,0.6083470841998158
Angola,AGO,2010,0.0643919840565448,2.799999952,40.3667552771914,37.5667553251914,2.735607967943455,0.024497902985914095,0.1847975758354466,0.0019184537168513258,0.070404644179404
Angola,AGO,2011,0.0653099765004654,4.699999809,49.8515258181069,45.1515260091069,4.634689832499535,0.04546457542735712,0.234761732722855,0.0019458037984163602,0.09405737064954282
Angola,AGO,2012,0.081469909077961,7.699999809,50.7801125088641,43.0801126998641,7.61852989992204,0.07856985019492731,0.2396533693629201,0.002427262526107361,0.10688349402798492
Angola,AGO,2013,0.0851575464292457,13.0,50.7734882643713,37.7734882643713,12.914842453570754,0.1370558377253371,0.23961847397038835,0.0025371296421253966,0.1264038137792836
Angola,AGO,2014,0.323076272251349,21.3623407584103,51.7384393645114,30.3760986061011,21.039264486158952,0.22933503389441187,0.24470167212980565,0.009625528463027288,0.1612207448290816
Angola,AGO,2015,0.545394210158053,22.0,49.3097223014385,27.309722301438498,21.454605789841946,0.23637166202804766,0.2319076040128149,0.016249127355791773,0.16150946446555145
Angola,AGO,2016,0.290319010302891,23.20000076,44.5502272379157,21.350226477915697,22.90968174969711,0.24961378032174536,0.20683539409135634,0.008649579486463575,0.15503291796652177
Angola,AGO,2017,0.32055404693903,26.0,44.0682088632918,18.0682088632918,25.67944595306097,0.28051202838480793,0.2042962033340861,0.009550382890235095,0.1647862048697097
Angola,AGO,2018,0.350066962955579,29.0,42.4588784507729,13.4588784507729,28.64993303704442,0.31361730315237807,0.19581852463138016,0.010429671892688416,0.1732884998921489
Angola,AGO,2019,0.367770426844486,32.12939835,45.8065312825399,13.677132932539898,31.761627923155515,0.34815050056368835,0.21345338997360894,0.01095711760812083,0.19085366938180603
Angola,AGO,2020,0.363264238710965,33.32089996,43.7804317055698,10.459531745569798,32.95763572128903,0.36129882995870577,0.2027802422473093,0.010822863112002288,0.19163397843933913
Angola,AGO,2021,0.39092529517689,34.55649948,44.3868689341257,9.830369454125702,34.16557418482311,0.374933783829465,0.20597485035081836,0.011646978991744224,0.1975185377240092
Angola,AGO,2022,0.386698155907211,35.83800125,66.6008073123779,30.762806062377898,35.451303094092786,0.3890752732331242,0.32299409688190894,0.011521038299554299,0.24119680280486247
Angola,AGO,2023,0.373668982990052,37.88589859,70.0519587723571,32.1660601823571,37.51222960700994,0.41167400794528286,0.3411741753819383,0.011132855429020715,0.2546603462520806
Angola,AGO,2024,0.362845240712436,40.70479965,69.7039467163584,28.999147066358404,40.34195440928756,0.44278083932324785,0.33934090710310966,0.010810379752785938,0.2643107087263811
Benin,BEN,2010,0.275927983143427,3.13,72.2115392074128,69.0815392074128,2.854072016856573,0.028139483740031213,0.35255047754999114,0.008220822398948799,0.12963692789632372
Benin,BEN,2011,0.371868455954814,4.14832306562512,76.9318013957922,72.78347833016709,3.776454609670306,0.039376772036589215,0.3774160153626883,0.011079211674543288,0.14262399969127362
Benin,BEN,2012,0.401638561456682,4.5,80.8628905531314,76.3628905531314,4.098361438543318,0.043257559217221596,0.398124323966296,0.011966163216538985,0.15111601546668552
Benin,BEN,2013,0.396653828045145,4.900000095,89.9019164924958,85.0019163974958,4.503346266954855,0.04767159690123133,0.44574037415913126,0.011817651247526218,0.16840987410262961
Benin,BEN,2014,0.411776822565069,6.0,78.5170340826712,72.5170340826712,5.588223177434931,0.059810196601006685,0.38576675134819216,0.012268216103878422,0.15261505468435907
Benin,BEN,2015,0.644882115781616,11.25500011,82.0193349324746,70.76433482247461,10.610117994218383,0.11779960411606052,0.40421627612811273,0.019213206582760073,0.18040969560897777
Benin,BEN,2016,0.190616354708843,14.5,76.0182091705462,61.5182091705462,14.309383645291158,0.1536084751091222,0.37260336701485575,0.005679102135798563,0.17729698141992553
Benin,BEN,2017,0.237670455772448,18.7,72.867145412956,54.167145412956,18.46232954422755,0.19995585978372046,0.3560040994556358,0.007081002021338676,0.18768032042023164
Benin,BEN,2018,0.218309314921079,19.0,76.4080341122638,57.408034112263806,18.78169068507892,0.20326638726047747,0.3746568984590358,0.00650416853541636,0.1948091514183099
Benin,BEN,2019,0.199854558369357,20.50099945,81.3235345537806,60.82253510378061,20.301144891630642,0.21983005366655137,0.40055091815941807,0.005954339285409909,0.20877843703712642
Benin,BEN,2020,0.229384945213792,22.12059975,85.2390738023357,63.1184740523357,21.89121480478621,0.2377024913149311,0.4211773124901689,0.006834148802569919,0.2219046508692233
Benin,BEN,2021,0.154166533404575,28.20470047,94.9182598289459,66.7135593589459,28.050533936595425,0.30484109999798825,0.4721656170664106,0.004593139400152243,0.2605332854881837
Benin,BEN,2022,0.153072411564925,30.53730011,105.745019386968,75.20771927696799,30.384227698435076,0.3305815506663001,0.5291991436873983,0.004560541831670403,0.2881137453951229
Benin,BEN,2023,0.170880461346773,32.39400101,116.036046685168,83.642045675168,32.22312054865322,0.35107041515153165,0.5834105239460754,0.005091103512513461,0.31319068087004015
Benin,BEN,2024,0.277382047807868,33.98379898,125.940873932186,91.95707495218599,33.706416932192134,0.36861398135879014,0.635587468066952,0.008264143874454033,0.3374885311000653
Botswana,BWA,2010,0.589146386990184,6.0,116.2460387062,110.2460387062,5.410853613009816,0.059810196601006685,0.5845167261719159,0.017552651816076,0.22062652486299952
Botswana,BWA,2011,0.92233793979846,9.0,139.870462760455,130.870462760455,8.07766206020154,0.09291547136857686,0.7089661711774171,0.027479548498544858,0.2764537303481796
Botswana,BWA,2012,1.05453005453337,16.0,146.149158429435,130.149158429435,14.94546994546663,0.1701611124929073,0.7420412713182085,0.031417996079674305,0.3145401266302634
Botswana,BWA,2013,1.00855708601278,30.0,151.670682520804,121.67068252080401,28.99144291398722,0.32465239474156815,0.7711277204598804,0.030048306767794023,0.37527614065641424
Botswana,BWA,2014,1.53265771779946,36.74474744423,157.018320070864,120.273572626634,35.21208972643054,0.3990813005346018,0.7992981648976859,0.045663026826308656,0.4146808307528655
Botswana,BWA,2015,1.67228482353299,38.89379883,157.734742812171,118.84094398217098,37.22151400646701,0.4227962794064496,0.8030721579626688,0.04982298778872378,0.4252304750526141
Botswana,BWA,2016,2.64263621946898,41.16859818,147.172960511479,106.004362331479,38.52596196053101,0.4478988985807295,0.7474344864337704,0.07873301858619945,0.42468880120023317
Botswana,BWA,2017,1.43086105330679,43.57640076,142.962095019868,99.385694259868,42.14553970669321,0.4744692205797177,0.7252523637195695,0.04263016190965168,0.41411724873631295
Botswana,BWA,2018,1.74169396309317,46.12509918,147.06483856362,100.93973938361998,44.38340521690683,0.5025943410776417,0.7468649184149664,0.051890919437727626,0.43378339297677865
Botswana,BWA,2019,2.10301262862428,48.82279968,160.661520194607,111.83872051460699,46.719787051375725,0.5323637131753456,0.818489923071453,0.06265581738290073,0.4711698178765665
Botswana,BWA,2020,3.58604400704343,51.67819977,161.858815314634,110.18061554463401,48.092155762956565,0.5638733146922771,0.8247970699823348,0.10684030869531255,0.4985035644566415
Botswana,BWA,2021,5.5483769953124,54.70069885,173.25235140068,118.55165255067999,49.1523218546876,0.5972268688683198,0.8848162788867395,0.16530480657036964,0.549115984775143
Botswana,BWA,2022,4.53192190474005,57.9,178.205018910673,120.305018910673,53.368078095259946,0.6325314500799708,0.9109060883779638,0.135021191690471,0.559486243382802
Botswana,BWA,2023,6.16495796381324,57.67975018,179.027305378019,121.34755519801901,51.51479221618676,0.6301009731437682,0.9152377535335557,0.18367482681577005,0.5763378511643646
Botswana,BWA,2024,7.4409622000215,57.45950036,163.999922257361,106.540421897361,50.0185381599785,0.6276704962075657,0.836076056937016,0.2216912834530145,0.5618126121991988
Burkina Faso,BFA,2010,0.0847216746170896,2.400000095,35.2848311173407,32.8848310223407,2.3152784203829104,0.02008386792825617,0.1580268643124472,0.0025241435552645335,0.06021162526532264
Burkina Faso,BFA,2011,0.0844020984871601,3.0,46.1057641177709,43.1057641177709,2.91559790151284,0.026704921833436503,0.2150296976197297,0.002514622307810164,0.08141641392032546
Burkina Faso,BFA,2012,0.0834367606364837,3.724999905,58.0942130771516,54.3692131721516,3.641563144363516,0.034705362187265595,0.27818280628580067,0.002485861647383531,0.10512467670681659
Burkina Faso,BFA,2013,0.0732506380609795,5.0,63.5243073500025,58.5243073500025,4.92674936193902,0.04877510501181662,0.3067876187050111,0.002182382806009129,0.11924836884094563
Burkina Faso,BFA,2014,0.0296662638571705,6.0,68.5395525408019,62.53955254080191,5.9703337361428295,0.059810196601006685,0.33320707676790856,0.0008838577502426907,0.1313003770397193
Burkina Faso,BFA,2015,0.049814972578599,6.545700073,76.9373292602998,70.3916291872998,6.495885100421401,0.0658320468867894,0.3774451352120635,0.0014841555311347272,0.14825377920999588
Burkina Faso,BFA,2016,0.0640501279140636,7.140999794,79.6697942824089,72.5287944884089,7.076949666085937,0.07240123383104369,0.39183929587889993,0.0019082686729086575,0.15538293279428408
Burkina Faso,BFA,2017,0.062133040708376,7.790400028,90.2081424191231,82.41774239112311,7.728266987291624,0.07956742489127513,0.44735352022049313,0.001851152199031259,0.17625736577026652
Burkina Faso,BFA,2018,0.0676084024258783,8.498900414,94.6219614871852,86.1230610731852,8.43129201157412,0.08738579154176164,0.4706047678324362,0.0020142816349688693,0.1866682803363889
Burkina Faso,BFA,2019,0.0573181352576325,9.27180600953186,97.1498646690919,87.87805865956004,9.214487874274226,0.0959148755782532,0.4839213315418176,0.0017076999760005924,0.1938479690320238
Burkina Faso,BFA,2020,0.0650831126106853,12.97319984,102.972844247019,89.99964440701899,12.908116727389315,0.13676009550513216,0.5145957968785028,0.001939044760331965,0.21776497904798897
Burkina Faso,BFA,2021,0.0740660150924452,18.1522007,112.198419449151,94.046218749151,18.078134684907557,0.19391084433572628,0.5631945568366341,0.002206675629402751,0.2531040256005877
Burkina Faso,BFA,2022,0.214398323020291,25.3987999,113.996146792235,88.597346892235,25.18440157697971,0.2738777302178777,0.5726646785041176,0.006387646936360591,0.2843100185527853
Burkina Faso,BFA,2023,0.459463342299517,25.36120033,116.16313821519,90.80193788519,24.90173698770048,0.27346281551921353,0.5840800204950628,0.013688957868069448,0.2904105979607819
Burkina Faso,BFA,2024,0.851360416490348,28.25270081,116.5895933212,88.3368925112,27.401340393509653,0.30537078814620056,0.5863265134102265,0.025364889424151743,0.30568739699352626
Burundi,BDI,2010,0.0037540884369383,1.0,17.8962195049637,16.8962195049637,0.9962459115630617,0.004634738655056383,0.06642661790615334,0.00011184691729499287,0.02372440115950157
Burundi,BDI,2011,0.0051142326109402,1.110000014,19.7014852266593,18.5914852126593,1.1048857813890598,0.005848598884358571,0.07593645046911941,0.00015237018559149763,0.027312473179689826
Burundi,BDI,2012,0.0069704900036024,1.220000029,22.3127768088819,21.0927767798819,1.2130295389963974,0.007062459124695852,0.08969229007853452,0.00020767433480451747,0.032320807846011636
Burundi,BDI,2013,0.0146944141397431,1.2642181112,24.3006814319026,23.0364633207026,1.2495236970602568,0.0075504097116711865,0.10016423328826701,0.00043779600576661435,0.036050813001901605
Burundi,BDI,2014,0.0157410541043178,1.04239212643994,29.567783062348,28.52539093590806,1.0266510723356224,0.005102539652981647,0.12791042820887677,0.0004689789295367569,0.044493982263798394
Burundi,BDI,2015,0.0250824162395746,2.0,45.2379254099088,43.2379254099088,1.9749175837604254,0.015669830244246445,0.21045807101415842,0.0007472895169710659,0.07562506359179198
Burundi,BDI,2016,0.0288715169450892,2.200000048,47.6697304877258,45.4697304397258,2.171128531054911,0.017876849091768853,0.2232684062672364,0.0008601795674723073,0.08066847830882586
Burundi,BDI,2017,0.0340147819169285,2.6607485347534,51.4533280518012,48.7925795170478,2.6267337528364716,0.022961250842673347,0.24319975426082024,0.0010134147247134893,0.0890581399427357
Burundi,BDI,2018,0.0331803020141076,4.019499779,53.2736942349584,49.2541944559584,3.9863194769858925,0.037955195269860534,0.25278913348464493,0.000988552762550642,0.09724429383901871
Burundi,BDI,2019,0.0317494355111928,6.072199821,53.2995504978403,47.2273506768403,6.040450385488807,0.06060692823846481,0.25292533987673216,0.000945922438278844,0.10482606351782527
Burundi,BDI,2020,0.0335260991567275,6.430099964,52.5571219738138,46.1270220098138,6.396573864843273,0.06455638909625404,0.24901435277460593,0.0009988552221386734,0.10485653236433289
Burundi,BDI,2021,0.0304886490520483,6.777999878,59.700785493419,52.922785615418995,6.7475112289479515,0.06839549651111539,0.2866459563336688,0.0009083593703886296,0.1186499374050576
Burundi,BDI,2022,0.0300650914860841,7.144800186,56.2599912004244,49.115191014424404,7.114735094513916,0.07244317150483852,0.26852043762650907,0.0008957401663272829,0.11395311643255829
Burundi,BDI,2023,0.0203441336211462,7.172299862,63.1631365759764,55.9908367139764,7.151955728378854,0.07274663294817156,0.3048850325392476,0.0006061201457519155,0.1260792618777237
Burundi,BDI,2024,,8.595999718,,,,0.08845729125464825,,,
Cabo Verde,CPV,2010,3.15251165199379,30.0,72.9467774586884,42.9467774586884,26.84748834800621,0.32465239474156815,0.3564235875190608,0.09392392212784888,0.2583333014628259
Cabo Verde,CPV,2011,4.17091115990513,32.0,77.511257275925,45.511257275925004,27.82908884009487,0.34672257791994826,0.38046849031497026,0.12426546773819092,0.2838188453243698
Cabo Verde,CPV,2012,3.87787989178736,34.74,83.0756609467629,48.33566094676289,30.862120108212643,0.3769587288743291,0.40978082178311565,0.115535080971718,0.30075821054305424
Cabo Verde,CPV,2013,4.13919664210064,37.5,97.5075406315584,60.0075406315584,33.36080335789936,0.40741558166049363,0.48580550763510727,0.12332058561580216,0.3388472249704677
Cabo Verde,CPV,2014,3.72341048473043,40.25999832,119.724160007495,79.464161687495,36.53658783526957,0.4378724159077043,0.6028388772056895,0.11093291794707878,0.3838814036868243
Cabo Verde,CPV,2015,3.23344925974933,42.6830141582781,119.335511344785,76.6524971865069,39.44956489852877,0.46461061760516126,0.600791542199117,0.09633532560774968,0.38724582847067596
Cabo Verde,CPV,2016,3.0320707671777,50.3228178676892,117.442454843782,67.1196369760928,47.2907471005115,0.5489165512619467,0.5908192427528814,0.09033558319837298,0.41002379240440034
Cabo Verde,CPV,2017,2.9232218025982,57.1621463484891,119.373631537182,62.211485188692905,54.2389245458909,0.6243891674561298,0.6009923528845507,0.08709260654945367,0.4374913756300447
Cabo Verde,CPV,2018,3.04957977464624,59.5,118.876152819844,59.376152819843995,56.45042022535376,0.650187596622675,0.5983717196732359,0.0908572354032018,0.4464721838997043
Cabo Verde,CPV,2019,3.93928076809362,61.9433977593088,115.867801067488,53.9244033081792,58.004116991215184,0.6771507146854694,0.5825242346677929,0.11736441953137837,0.45901312296154684
Cabo Verde,CPV,2020,4.82611491823059,69.37339783,105.838590655535,36.465192825535,64.54728291176941,0.7591414459732354,0.5296920612042394,0.14378619075785498,0.4775398993117766
Cabo Verde,CPV,2021,5.90962142576488,70.28250122,114.230551109167,43.948049889166995,64.37287979423512,0.7691734851459286,0.5738994805497499,0.17606749280294212,0.5063801528328736
Cabo Verde,CPV,2022,6.56769429388869,73.32740021,113.247367438782,39.91996722878201,66.7597059161113,0.8027742243804108,0.5687202363134933,0.1956736962506027,0.522389385648169
Cabo Verde,CPV,2023,7.23008973237277,74.59919739,113.022968194497,38.423770804496996,67.36910765762723,0.8168086227445845,0.5675381392876869,0.21540868360351975,0.5332518152119304
Cabo Verde,CPV,2024,8.30537440200276,74.73519897,111.84067886381,37.10547989381,66.42982456799724,0.8183094126361591,0.5613100403210405,0.24744502945230454,0.5423548274698348
Cameroon,CMR,2010,0.0302724223113752,4.300000191,43.9120552066482,39.612055015648195,4.269727768688624,0.04105054300708608,0.20347361244847353,0.0009019172487425147,0.08180869090143404
Cameroon,CMR,2011,0.0529499754452088,5.0,51.831042080032,46.831042080032,4.947050024554791,0.04877510501181662,0.24518948747404745,0.0015775578076743925,0.09851405009784615
Cameroon,CMR,2012,0.0665368255091213,7.5,62.9906520229266,55.4906520229266,7.433463174490878,0.07636283398479178,0.3039764132709102,0.0019823557555451302,0.12744053433708236
Cameroon,CMR,2013,0.0789631954882019,10.0,73.1912475512065,63.1912475512065,9.921036804511798,0.10395056295776693,0.35771141435727066,0.0023525790996868903,0.15467151880490818
Cameroon,CMR,2014,0.0762968342593502,16.2148722257524,77.2399893326772,61.025117106924796,16.138575391493053,0.17253224718405816,0.37903949696015055,0.0022731392332981347,0.1846149611258356
Cameroon,CMR,2015,0.0898239605008282,18.29999924,79.7800672605612,61.4800680205612,18.21017527949917,0.1955418147613748,0.3924201951591804,0.002676157807682983,0.19687938924274606
Cameroon,CMR,2016,1.55529332300567,20.60000038,79.8046154795305,59.2046150995305,19.04470705699433,0.2209225379965164,0.3925495109985671,0.04633741761543078,0.21993648887017145
Cameroon,CMR,2017,1.58466709279995,23.2029719748646,83.4502920413828,60.2473200665182,21.61830488206465,0.24964656794990736,0.41175431462680057,0.047212560984057024,0.23620448118692164
Cameroon,CMR,2018,1.59560948486525,29.70000076,74.3995446655806,44.699543905580605,28.104391275134752,0.32134187565148076,0.3640765179018171,0.04753857163641532,0.24431898839657104
Cameroon,CMR,2019,1.57189487453881,36.53919983,83.9044001051513,47.365200275151295,34.96730495546119,0.39681306378563425,0.41414647861686127,0.046832033656711375,0.285930525353069
Cameroon,CMR,2020,2.75682417749367,37.69749832,85.2721639882676,47.57466566826759,34.94067414250633,0.4095949937104048,0.42135162595765896,0.0821350618016991,0.30436056048992094
Cameroon,CMR,2021,2.23385126289217,38.89260101,80.8081013360278,41.915500326027804,36.658749747107834,0.42278306135304217,0.397835703695801,0.06655394022997074,0.295724235092938
Cameroon,CMR,2022,2.12862474053,40.12559891,89.8274190453067,49.7018201353067,37.99697416947,0.4363893061088212,0.44534793428691605,0.06341888831481662,0.31505204290351796
Cameroon,CMR,2023,,42.24380112,96.4817325902196,54.23793147021959,,0.459763861500596,0.48040172546739757,,
Cameroon,CMR,2024,,46.25880051,108.213130152497,61.954329642497,,0.5040697474997883,0.5422007311240608,,
Central African Republic,CAF,2010,,2.0,21.7946380977499,19.7946380977499,,0.015669830244246445,0.08696282353627487,,
Central African Republic,CAF,2011,0.0177436204565105,2.200000048,21.7401847658532,19.5401847178532,2.1822564275434897,0.017876849091768853,0.08667597265188161,0.0005286421146038896,0.03502715461941812
Central African Republic,CAF,2012,0.0131212306282922,2.400000095,24.7918387246771,22.3918386296771,2.386878864371708,0.02008386792825617,0.10275156631089712,0.0003909255792833751,0.04107545327281222
Central African Republic,CAF,2013,0.022125981839257264,2.5,29.3015343940304,26.8015343940304,2.4778740181607426,0.021187376038841476,0.1265078755401013,0.0006592073954614177,0.04945148632480139
Central African Republic,CAF,2014,0.03113073305022233,2.700000048,24.9962039132355,22.2962038652355,2.6688693149497777,0.023394394886363884,0.10382812734096197,0.0009274892116394604,0.042716670479655106
Central African Republic,CAF,2015,0.0401354842611874,2.900000095,26.8396654368244,23.9396653418244,2.859864610738813,0.025601413722851202,0.11353916888731932,0.001195771027817503,0.046778784545996016
Central African Republic,CAF,2016,0.0156141837038414,3.099999905,26.4835649048309,23.3835649998309,3.0843857212961585,0.027808429944021808,0.1116632918936208,0.00046519903371713706,0.046645640290453254
Central African Republic,CAF,2017,0.0129132904879117,4.0,24.5204193752763,20.5204193752763,3.9870867095120883,0.03774001342262657,0.101321775374233,0.00038473034332286716,0.04648217304672748
Central African Republic,CAF,2018,0.0124624461199055,5.099999905,26.2215810621653,21.1215811571653,5.087537458880094,0.04987861312240194,0.11028320560050035,0.00037129817367946154,0.05351103896552725
Central African Republic,CAF,2019,0.0100916071197805,7.509200096,32.2626859489842,24.7534858529842,7.4991084888802195,0.07646435788678112,0.14210671793917365,0.00030066290814933236,0.07295724624470136
Central African Republic,CAF,2020,0.0099263810133829,9.590666770666667,36.426009643045,26.835342872378334,9.580740389653284,0.09943353328157466,0.16403839855556526,0.00029574026688297537,0.08792255736800762
Central African Republic,CAF,2021,0.0097611549069853,11.672133445333333,35.8169832358522,24.144849790518865,11.662372290426347,0.1224027086763682,0.16083015109967913,0.0002908176256166184,0.09450789246722131
Central African Republic,CAF,2022,0.0160846160651184,13.75360012,38.8217901039988,25.0681899839988,13.737515503934882,0.14537188407116172,0.17665896225845154,0.0004792147955428091,0.10750335370838536
Central African Republic,CAF,2023,,13.8416996,,,,0.14634406990192175,,,
Central African Republic,CAF,2024,,13.78250027,,,,0.14569079987335307,,,
Chad,TCD,2010,0.0026883084976132,1.700000048,23.3525805934177,21.6525805454177,1.6973117395023867,0.01235930329717382,0.09516979943930953,8.009374932072542e-05,0.03586973216193469
Chad,TCD,2011,0.123865180054531,1.899999976,28.7390189115685,26.8390189355685,1.776134795945469,0.01456632082048524,0.1235446397194686,0.0036903601984899707,0.047267106912814605
Chad,TCD,2012,0.147256096776337,2.099999905,33.3228572133612,31.222857308361203,1.9527438082236628,0.016773338354831746,0.1476915197171766,0.0043872542573234865,0.056284037443110606
Chad,TCD,2013,0.107288841149774,2.5,33.3154384690936,30.8154384690936,2.392711158850226,0.021187376038841476,0.1476524390350562,0.003196495326183927,0.057345436800027204
Chad,TCD,2014,0.071402000947516,2.900000095,37.0123277165075,34.1123276215075,2.8285980940524844,0.025601413722851202,0.16712702237435254,0.0021273056905358884,0.06495191392924654
Chad,TCD,2015,0.0773982341569324,3.5,37.3152541289811,33.8152541289811,3.4226017658430674,0.032222467628031534,0.1687227871567349,0.002305953639597539,0.06775040280812132
Chad,TCD,2016,0.0339141052177506,5.800000191,36.9555838356879,31.155583644687898,5.766086085782249,0.05760318039087117,0.16682810526808825,0.0010104152273293344,0.07514723362876292
Chad,TCD,2017,0.0021187038729842,6.351900101,40.7648866631048,34.4129865621048,6.349781397127016,0.06369344644578692,0.18689486421388088,6.312331231267145e-05,0.08355047799066016
Chad,TCD,2018,0.0020672754565939,6.956299782,43.2279057924006,36.271606010400596,6.9542325065434065,0.07036305228209917,0.1998696297774709,6.159108686533768e-05,0.0900980910488118
Chad,TCD,2019,0.0004075462461604,7.618199825,45.9378876746208,38.3196878496208,7.617792278753839,0.07766717987949301,0.2141453530900367,1.2142173007880112e-05,0.09727489171417919
Chad,TCD,2020,0.0,8.343099594,50.434327397335,42.091227803334995,8.343099594,0.08566651522339074,0.23783183224852805,0.0,0.1078327824906396
Chad,TCD,2021,0.0,9.653699875,58.0323175441615,48.3786176691615,9.653699875,0.10012910936104395,0.2778567511527212,0.0,0.12599528683792172
Chad,TCD,2022,0.0,11.17029953,65.4377795535985,54.2674800235985,11.17029953,0.11686492545810301,0.3168674645977234,0.0,0.14457746335194213
Chad,TCD,2023,0.0,12.03590012,70.1873962423852,58.151496122385204,12.03590012,0.12641690724840998,0.34188763692238633,0.0,0.15610151472359876
Chad,TCD,2024,0.0,12.62689972,72.9289782617702,60.3020785417702,12.62689972,0.13293864196358465,0.3563298243791456,0.0,0.1630894887809101
Comoros,COM,2010,0.0502415872065677,5.099999905,25.2396019766781,20.139602071678098,5.049758317793432,0.04987861312240194,0.10511030691246308,0.0014968658153522625,0.0521619286167391
Comoros,COM,2011,0.0598752200414337,5.5,32.3981821883195,26.898182188319502,5.440124779958566,0.05429265080641165,0.14282048906632938,0.0017838841296598362,0.06629900800080028
Comoros,COM,2012,0.180889925619471,5.975299835,41.5930930270088,35.6177931920088,5.794409909380529,0.05953762801796359,0.1912577143769651,0.005389319109050841,0.08539488716799316
Comoros,COM,2013,0.186730097444383,6.5,49.9143914322486,43.4143914322486,6.313269902555617,0.06532774239560171,0.2350928980783319,0.005563317464726823,0.10199465264622014
Comoros,COM,2014,0.222486763934938,6.980000019,53.8297097833741,46.8497097643741,6.757513255065062,0.07062458656807968,0.2557181287590207,0.006628628787806737,0.11099044803830238
Comoros,COM,2015,0.220178840263004,7.459199905,58.4555555249752,50.996355619975205,7.239021064736996,0.07591260119961912,0.28008629679991026,0.006559867981450113,0.12085292199365982
Comoros,COM,2016,0.220292527984836,7.938300133,61.2597928387402,53.321492705740205,7.718007605015164,0.08119951609600096,0.2948585416834386,0.006563255120947437,0.12754043763346234
Comoros,COM,2017,0.217268052477371,8.478199959,61.9708221164076,53.492622157407595,8.260931906522629,0.08715736012489873,0.29860412289994376,0.0064731458260742294,0.1307448762836389
Comoros,COM,2018,0.198421441439106,12.4310002345,64.6590805998004,52.2280803653004,12.232578793060895,0.13077687319881695,0.31276541104484185,0.005911641913340922,0.14981797538566657
Comoros,COM,2019,0.162475940084772,16.38380051,73.1291747290161,56.7453742190161,16.22132456991523,0.17439638627273515,0.3573844252948588,0.004840704564730099,0.17887383871077467
Comoros,COM,2020,0.148099575772006,22.42040062,97.4339379901591,75.0135373701591,22.272301044227994,0.24101082137389992,0.48541778144749537,0.004412384332720856,0.2436136623847054
Comoros,COM,2021,0.150456993255713,30.68120003,104.311430086999,73.630230056999,30.530743036744287,0.33216949946317714,0.521647239254205,0.004482619726148345,0.2860997861478435
Comoros,COM,2022,0.219375008990779,31.37409973,100.549036907747,69.174937177747,31.154724721009224,0.3398157111147995,0.5018275923508527,0.006535919145045767,0.28272640753689937
Comoros,COM,2023,0.387941019794517,31.92749977,109.855630436495,77.92813066649501,31.539558750205483,0.34592253124166095,0.5508531430641569,0.011558067393766533,0.3027779138998615
Comoros,COM,2024,,32.51750183,,,,0.3524332580115717,,,
"Congo, Dem. Rep.",COD,2010,0.0,0.72,17.2401170438218,16.520117043821802,0.72,0.0015449130100831654,0.06297038181047816,0.0,0.021505098273520443
"Congo, Dem. Rep.",COD,2011,0.00019791687214283334,1.200000048,22.081904226281,20.881904178281,1.199802131127857,0.006841757502578791,0.08847609260825191,5.896609097439592e-06,0.03177458223997605
"Congo, Dem. Rep.",COD,2012,0.0003958337442856667,1.679999948,27.4285479176207,25.748547969620702,1.6796041142557143,0.012138600361880863,0.1166413015674751,1.1793218194879184e-05,0.04293056504918361
"Congo, Dem. Rep.",COD,2013,0.0005937506164285,2.200000048,37.2504622843341,35.0504622363341,2.1994062973835717,0.017876849091768853,0.16838147474680337,1.7689827292318777e-05,0.062092004555288176
"Congo, Dem. Rep.",COD,2014,0.0006377287306563,3.0,47.3232446178692,44.3232446178692,2.9993622712693435,0.026704921833436503,0.22144317767724514,1.9000083187312583e-05,0.08272236653128966
"Congo, Dem. Rep.",COD,2015,0.0012340265901385,3.799999952,46.5879368397055,42.7879368877055,3.798765925409861,0.03553299457510416,0.21756970145236257,3.676580141505902e-05,0.08437982060962725
"Congo, Dem. Rep.",COD,2016,0.0011910942123958,10.1,34.4098982787676,24.309898278767598,10.098808905787603,0.10505407211668592,0.15341786703372204,3.5486701526143944e-05,0.08616914195064469
"Congo, Dem. Rep.",COD,2017,0.0011483245061245,10.899999905,40.6222618919854,29.7222619869854,10.898851580493876,0.11388214433970428,0.18614354119457335,3.4212448167328935e-05,0.10001996599414832
"Congo, Dem. Rep.",COD,2018,0.0051306172985492,11.69999981,40.5014483221793,28.8014485121793,11.69486919270145,0.12271021656272263,0.1855071158714851,0.00015285834052729415,0.10279006359157834
"Congo, Dem. Rep.",COD,2019,0.012802934372309,13.02970028,39.9399996397964,26.910299359796397,13.016897345627692,0.1373835830353617,0.18254949977209758,0.00038144246357731744,0.10677150842367884
"Congo, Dem. Rep.",COD,2020,0.0322950314052512,14.51049995,42.5027574227056,27.9922574727056,14.478204918594749,0.1537243430190541,0.19604967158725495,0.0009621775744761697,0.11691206406026176
"Congo, Dem. Rep.",COD,2021,0.0312660957356555,16.1595993,47.2882541992485,31.1286548992485,16.128333204264344,0.1719223053859779,0.22125885410737292,0.0009315221211824279,0.1313708938715111
"Congo, Dem. Rep.",COD,2022,0.0322275167366284,17.99620056,48.6773534153863,30.6811528553863,17.96397304326337,0.19218936850289978,0.22857639235122226,0.0009601660854863653,0.14057530897986947
"Congo, Dem. Rep.",COD,2023,0.0219936280960956,18.96789932,53.1888827659463,34.2209834459463,18.945905691903906,0.2029121533166022,0.2523423611009281,0.0006552641324259953,0.15196992618331875
"Congo, Dem. Rep.",COD,2024,0.0320289131404702,19.67350006,58.532153345468,38.858653285467994,19.64147114685953,0.21069852210790246,0.2804898010812027,0.0009542490165714649,0.16404752406855888
"Congo, Rep.",COG,2010,0.0056025045436311,5.0,83.3372102664775,78.3372102664775,4.994397495456369,0.04877510501181662,0.4111586190832867,0.00016691744823342,0.1533668805144456
"Congo, Rep.",COG,2011,0.0284398805655176,5.6,84.2730931396327,78.67309313963271,5.571560119434482,0.055396159965330656,0.41608869077040334,0.0008473196683893682,0.15744405680137444
"Congo, Rep.",COG,2012,0.0293643008575135,6.106699944,90.3528989863831,84.2461990423831,6.0773356431424865,0.06098764025560814,0.44811607317903446,0.0008748612571615823,0.1699928582306014
"Congo, Rep.",COG,2013,0.0090177284836071,6.599999905,95.9371427265534,89.3371428215534,6.590982176516393,0.06643125050618702,0.47753291875561354,0.00026866845276487064,0.18141094590485515
"Congo, Rep.",COG,2014,0.0100484738377935,7.110000134,99.0799617354116,91.9699616014116,7.099951660162207,0.07205914974370992,0.49408875438178185,0.00029937782264745854,0.18881576064937974
"Congo, Rep.",COG,2015,0.04531293362598128,7.616000175,102.323043027664,94.707042852664,7.570687241374019,0.07764290654027885,0.5111727546520802,0.001350024653066511,0.19672189528180853
"Congo, Rep.",COG,2016,0.08057739341416907,8.121899605,103.857589492921,95.735689887921,8.04132221158583,0.08322555308524789,0.5192564842489501,0.002400671483485564,0.20162756960589454
"Congo, Rep.",COG,2017,0.11584185320235685,8.649999619,94.4868175378447,85.8368179188447,8.534157765797644,0.08905318510799046,0.46989285250901275,0.003451318313904617,0.18746578531030264
"Congo, Rep.",COG,2018,0.15110631299054464,11.8071003,91.1889913731567,79.3818910731567,11.655993987009456,0.12389208027911977,0.4525204655683828,0.0045019651443236695,0.19363817033060873
"Congo, Rep.",COG,2019,0.18637077277873243,16.11639977,91.0654212529473,74.9490214829473,15.93002899722127,0.17144559461581796,0.4518695192069391,0.005552611974742722,0.20962257526583328
"Congo, Rep.",COG,2020,0.2216352325669202,21.99850082,97.6561289989503,75.65762817895029,21.77686558743308,0.236355118439439,0.48658824586456534,0.006603258805161775,0.24318220770305535
"Congo, Rep.",COG,2021,0.256899692355108,30.02739906,95.8614998889206,65.83410082892061,29.77049936764489,0.3249547458781259,0.47713444516148806,0.007653905635580828,0.26991436555839826
"Congo, Rep.",COG,2022,0.435883126454822,40.98669815,93.6259259161068,52.63922776610679,40.550815023545184,0.4458916150896032,0.4653578219707393,0.012986423951865111,0.3080786203374026
"Congo, Rep.",COG,2023,1.26798412068153,43.15039825,94.8715365076336,51.721138257633605,41.88241412931847,0.4697682438646429,0.4719194865621166,0.037777510428841886,0.3264884136185338
"Congo, Rep.",COG,2024,,47.25159836,95.5319320614796,48.28033370147959,,0.5150253627040893,0.47539833793946606,,
Cote d'Ivoire,CIV,2010,,2.700000048,69.3658791896946,66.66587914169459,,0.023394394886363884,0.33756002491224346,,
Cote d'Ivoire,CIV,2011,,2.900000095,75.4688103733356,72.5688102783356,,0.025601413722851202,0.3697092276596474,,
Cote d'Ivoire,CIV,2012,0.196730926619837,4.400000095,77.1273355805099,72.7273354855099,4.203269168380163,0.042154051106636295,0.3784460561675703,0.005861275792682627,0.14215379435562975
Cote d'Ivoire,CIV,2013,0.235094105938757,6.599999905,80.9986810652982,74.3986811602982,6.364905799061243,0.06643125050618702,0.39883964527264243,0.007004243897066351,0.15742504655863193
Cote d'Ivoire,CIV,2014,0.517205353442549,10.0,90.1219840101242,80.1219840101242,9.482794646557451,0.10395056295776693,0.44689965238617696,0.015409286531937684,0.18875316729196054
Cote d'Ivoire,CIV,2015,0.434546121572781,38.4400001654616,100.638777689061,62.198777523599404,38.00545404388882,0.41778856958021615,0.5023003315127997,0.012946590080879748,0.31101183039129854
Cote d'Ivoire,CIV,2016,0.524752298099937,41.2078149304414,105.624772864173,64.4169579337316,40.68306263234147,0.4483316590136808,0.5285657054714523,0.01563413538915139,0.33084383329142814
Cote d'Ivoire,CIV,2017,0.534257331996876,43.8399208514876,118.755063895419,74.91514304393141,43.30566351949072,0.4773771889248751,0.5977338438288811,0.01591732230869665,0.36367611835415087
Cote d'Ivoire,CIV,2018,0.640536308885034,37.5465361301281,123.098008449044,85.5514723189159,36.90599982124307,0.4079291121186637,0.6206117365617179,0.01908373038295631,0.3492081930211126
Cote d'Ivoire,CIV,2019,0.768711846259475,36.2889545655205,132.574011521792,96.28505695627149,35.52024271926102,0.39405158437234183,0.6705297079190561,0.022902510619165217,0.3624946009701877
Cote d'Ivoire,CIV,2020,0.903911262107671,36.01660156,138.663750301785,102.647148741785,35.11269029789233,0.3910461440118319,0.7026094153294091,0.026930555812218048,0.37352870505115304
Cote d'Ivoire,CIV,2021,1.13037781443128,35.95069885,150.343798608733,114.393099758733,34.820321035568725,0.3903189015710061,0.7641379218487171,0.03367775587777611,0.3960448597658331
Cote d'Ivoire,CIV,2022,1.25179133069312,38.41328122,161.231833444196,122.81855222419601,37.16148988930688,0.41749372356988085,0.8214942362021197,0.037295072768399884,0.42542767751346683
Cote d'Ivoire,CIV,2023,1.36336622359986,40.65284979,171.988943341282,131.336093551282,39.289483566400136,0.44220756786010224,0.8781608602637726,0.04061926398785754,0.4536625640372441
Cote d'Ivoire,CIV,2024,1.60153227430253,41.43219902,183.875985110648,142.44378609064802,39.83066674569747,0.450807757993117,0.9407797731125016,0.04771503144855746,0.479767520851392
Djibouti,DJI,2010,0.866217827231575,6.5,17.8030445546417,11.303044554641701,5.633782172768425,0.06532774239560171,0.06593578812637298,0.02580754164673684,0.052357024056237184
Djibouti,DJI,2011,1.1914927711326,7.0,20.3518393182072,13.351839318207201,5.8085072288674,0.07084528819019674,0.0793624051321545,0.03549857593102835,0.06190208975112652
Djibouti,DJI,2012,1.54197530481088,9.399999619,21.9776218597006,12.5776222407006,7.858024314189121,0.097329503799883,0.08792675085012115,0.04594062907286232,0.07706562790762216
Djibouti,DJI,2013,1.79778315719357,12.69999981,24.7884901261545,12.0884903161545,10.90221665280643,0.13374530815191268,0.10273392646381654,0.0535620051244587,0.09668041324672931
Djibouti,DJI,2014,2.0047530858657,17.0,28.6271201146485,11.627120114648498,14.9952469141343,0.18119620408209736,0.12295517590263665,0.059728335215931384,0.12129323840022181
Djibouti,DJI,2015,2.36839087613311,22.89999962,30.8091732634986,7.909173643498601,20.53160874386689,0.2463032402649839,0.1344498605020689,0.07056232768483107,0.15043847615062797
Djibouti,DJI,2016,2.33941404303751,30.79999924,33.271816300825,2.4718170608250034,28.460585196962487,0.33348045962625056,0.14742264487717555,0.0696990103951197,0.18353403829951528
Djibouti,DJI,2017,2.31210201347881,55.6814092453962,35.3657091447905,-20.315700100605703,53.3693072319174,0.6080490979039876,0.15845291599549147,0.06888529320051316,0.27846243569999746
Djibouti,DJI,2018,2.3797395608845,57.06169891,36.8545231657962,-20.207175744203795,54.681959349115495,0.623280720772503,0.166295734859776,0.07090044316242779,0.28682563293156893
Djibouti,DJI,2019,2.24265621024535,58.4762001,38.0143821719119,-20.461817928088102,56.23354388975465,0.6388898709571713,0.17240567469425558,0.06681626921740424,0.2927039382896104
Djibouti,DJI,2020,2.26685414608193,59.92570114,39.2725038635961,-20.6531972764039,57.65884699391807,0.6548852476921976,0.17903324563185405,0.06753720708919046,0.3004852334710807
Djibouti,DJI,2021,1.39112845686235,61.41120148,43.6423520933817,-17.7688493866183,60.020073023137655,0.6712778799998705,0.202052862351659,0.041446394264566325,0.3049257122053653
Djibouti,DJI,2022,1.41245769926198,63.77600098,46.7770531248021,-16.998947855197898,62.36354328073802,0.6973736590724414,0.21856593385437684,0.04208186411316208,0.31934048567999346
Djibouti,DJI,2023,1.47205761945073,64.75869751,48.4504884885996,-16.3082090214004,63.286639890549274,0.7082178052853708,0.2273813065296599,0.043857546134541396,0.3264855526498574
Djibouti,DJI,2024,,65.29889679,,,,0.7141789538165852,,,
"Egypt, Arab Rep.",EGY,2010,1.62745731673027,21.6,79.2198618342745,57.619861834274495,19.972542683269733,0.23195762539237166,0.38946912832130365,0.04848742563292288,0.22330472644886604
"Egypt, Arab Rep.",EGY,2011,2.02567464552925,25.6,91.5823290114783,65.9823290114783,23.57432535447075,0.2760979917491319,0.45459250130040657,0.06035165882502563,0.26368071729152137
"Egypt, Arab Rep.",EGY,2012,2.45679305227732,26.4,103.904852847169,77.50485284716899,23.94320694772268,0.2849260650204839,0.519505459554835,0.07319612575591829,0.29254255011041236
"Egypt, Arab Rep.",EGY,2013,2.80726241263661,29.4,104.585398175604,75.185398175604,26.592737587363388,0.3180313397880541,0.5230904565151977,0.08363778642028552,0.3082531942411791
"Egypt, Arab Rep.",EGY,2014,3.14561708192958,33.8946039115275,97.7313128919015,63.836708980374,30.748986829597918,0.36762970560889197,0.4869843018162212,0.09371850970331229,0.3161108390428085
"Egypt, Arab Rep.",EGY,2015,3.84187963570353,37.8193834276939,94.3962460363651,56.5768626086712,33.97750379199037,0.41094000703716527,0.46941573725462327,0.11446251229560801,0.3316060855291322
"Egypt, Arab Rep.",EGY,2016,4.39685382563749,41.2480670885772,96.2091951594197,54.961128070842506,36.85121326293971,0.44877584526537195,0.4789660446682222,0.13099705946067777,0.35291298313142394
"Egypt, Arab Rep.",EGY,2017,5.04732016956055,44.9502042452857,99.2884367821237,54.338232536838,39.90288407572515,0.4896292678653939,0.4951869654450964,0.15037663897619746,0.3783976240955626
"Egypt, Arab Rep.",EGY,2018,6.26825297386708,46.92433676792,88.7420881346276,41.81775136670759,40.656083794052925,0.5114140010618623,0.43963059577440305,0.18675233248473602,0.37926564310700045
"Egypt, Arab Rep.",EGY,2019,7.04130696004296,57.2828663990195,88.6447815879102,31.361915188890706,50.24155943897654,0.6257213242703843,0.43911800144801566,0.20978421005203568,0.4248745119234785
"Egypt, Arab Rep.",EGY,2020,8.5396308016812,71.91420096,87.2316871725819,15.317486212581898,63.374570158318804,0.7871794412228862,0.4316740605788495,0.25442431526316994,0.4910926056883019
"Egypt, Arab Rep.",EGY,2021,9.76582299335252,72.05599976,84.0866220906029,12.030622330602895,62.290176766647484,0.7887442039681235,0.41510639302176583,0.290956703605486,0.4982691001984585
"Egypt, Arab Rep.",EGY,2022,10.6832498285136,72.19806556,90.6794715776528,18.4814060176528,61.5148157314864,0.790311913082815,0.4498364020066997,0.3182899337837698,0.5194794162910948
"Egypt, Arab Rep.",EGY,2023,10.8642477216638,74.01190186,92.8261626420085,18.814260782008503,63.14765413833619,0.8103277627811126,0.4611448051636951,0.3236824696085914,0.5317183458511331
"Egypt, Arab Rep.",EGY,2024,11.6871225241757,74.64839935,97.1295066037455,22.481107253745492,62.96127682582431,0.8173515708795522,0.4838140887185459,0.34819867681220845,0.5497881121367688
Equatorial Guinea,GNQ,2010,0.0997405568146936,6.0,33.579601121871,27.579601121871,5.900259443185306,0.059810196601006685,0.1490440029290089,0.002971606555467228,0.07060860202849427
Equatorial Guinea,GNQ,2011,0.108387990352986,11.5,38.5606783509887,27.060678350988702,11.391612009647014,0.12050320034155201,0.1752834699852053,0.003229242676730302,0.09967197100116254
Equatorial Guinea,GNQ,2012,0.114419748848651,13.94320011,38.7385841174565,24.795384007456498,13.828780361151349,0.14746413732612124,0.1762206472831301,0.0034089490435196307,0.10903124455092365
Equatorial Guinea,GNQ,2013,0.261324688869113,16.39999962,37.9420717892644,21.542072169264404,16.138674931130886,0.1745751449352485,0.1720247559058039,0.007785741160355035,0.11812854733380247
Equatorial Guinea,GNQ,2014,0.27724834765414,18.86000061,36.9002477447229,18.040247134722897,18.58275226234586,0.20172148116939673,0.1665366041591701,0.008260160497320666,0.1255060819419625
Equatorial Guinea,GNQ,2015,0.261293067101903,21.31999969,36.6825478378153,15.3625481478153,21.058706622898097,0.22886779632652002,0.16538979810243068,0.007784799041584722,0.13401413115684516
Equatorial Guinea,GNQ,2016,0.224242898422343,23.78000069,38.1683691534068,14.388368463406799,23.55575779157766,0.2560141326710192,0.17321685190395616,0.006680949939018578,0.1453039781713313
Equatorial Guinea,GNQ,2017,0.121416081454382,26.23999977,36.2336437113254,9.993643941325399,26.11858368854562,0.2831604478281425,0.16302504756823574,0.0036173933163348047,0.149934296237571
Equatorial Guinea,GNQ,2018,0.100221353087251,29.39999962,36.5760302693232,7.176030649323199,29.29977826691275,0.3180313355947193,0.1648286816810638,0.0029859310930575905,0.16194864945628024
Equatorial Guinea,GNQ,2019,0.0598738936052885,49.13370132,36.942192354463,-12.191508965536997,49.073827426394715,0.5357945412479749,0.16675756122424565,0.0017838446106670576,0.2347786490276292
Equatorial Guinea,GNQ,2020,0.107371649223871,55.00130081,43.3495410342634,-11.651759775736593,54.893929160776125,0.6005440390288098,0.20051038352910402,0.003198962457145402,0.26808446167168637
Equatorial Guinea,GNQ,2021,0.0976810140631094,58.71730042,46.434813558898,-12.282486861102,58.619619405936895,0.6415504350705543,0.21676307407088016,0.0029102458518846007,0.287074584997773
Equatorial Guinea,GNQ,2022,0.10069058437688,63.65950012,49.5380486763568,-14.121451443643195,63.55880953562312,0.696088061412122,0.23311038849439394,0.002999911070920382,0.31073278699247875
Equatorial Guinea,GNQ,2023,,63.51950073,,,,0.6945431553210413,,,
Equatorial Guinea,GNQ,2024,,63.29930115,,,,0.6921132327878401,,,
Eritrea,ERI,2010,0.0040065381269638,0.610000014,6.29077416502727,5.68077415102727,0.6059934758730362,0.00033105308976354153,0.0052911071195257614,0.00011936824239847305,0.0019138428172292587
Eritrea,ERI,2011,0.0047023746992231,0.699999988,8.06870803088893,7.3687080428889296,0.6952976133007769,0.001324211045878265,0.014656960117881389,0.0001400995535691258,0.00537375690577626
Eritrea,ERI,2012,0.0060915617710705,0.800000012,10.0521635251769,9.2521635131769,0.7939084502289295,0.00242772046963947,0.02510546607469822,0.00018148810744637774,0.009238224883928023
Eritrea,ERI,2013,0.0047489558802482,0.899999976,11.5420445230877,10.6420445470877,0.8952510201197519,0.003531229231295179,0.03295390559171775,0.000141487363576571,0.012208874062196501
Eritrea,ERI,2014,0.0064616743555206,0.99000001,13.4855143799717,12.495514369971701,0.9835383356444795,0.0045243878495153985,0.043191774016305765,0.0001925150058048478,0.01596955895720867
Eritrea,ERI,2015,0.016100228430041,1.083699942,15.2952170085389,14.2115170665389,1.0675997135699589,0.005558375181036278,0.052724979449503245,0.0004796799403889176,0.01958767819030948
Eritrea,ERI,2016,0.0192018556673317,1.177099943,16.1935649461164,15.0164650031164,1.1578980873326683,0.006589052746501722,0.05745732348449869,0.0005720878447088477,0.02153948802523642
Eritrea,ERI,2017,0.031742535028681,2.496099949,22.0610618449333,19.564961895933298,2.464357413971319,0.021144338618853963,0.0883662984907167,0.0009457168497026135,0.036818784653091095
Eritrea,ERI,2018,0.0621647919144227,5.293000221,31.2608010853026,25.9678008643026,5.230835429085577,0.05200838928620455,0.13682895899960149,0.0018520981742197438,0.06356314882000859
Eritrea,ERI,2019,0.0925870488001644,11.22379971,40.4605403256719,29.2367406156719,11.131212661199836,0.11745530484444117,0.18529161950848633,0.0027584794987368737,0.10183513461722145
Eritrea,ERI,2020,0.151916994984612,14.34939957,54.7205015934574,40.3711020234574,14.197482575015387,0.1519465855707008,0.26041066840044097,0.004526118086766587,0.13896112401930277
Eritrea,ERI,2021,0.149245578525113,,53.7582573847458,,,,0.2553417296843519,0.004446527608059124,
Eritrea,ERI,2022,0.165393390775689,,59.1248082166991,,,,0.2836118060721025,0.004927625230457765,
Eswatini,SWZ,2010,0.329060405703234,11.04,65.2905141006612,54.2505141006612,10.710939594296764,0.11542705821052458,0.3160916952564501,0.009803815919627817,0.1471075231288675
Eswatini,SWZ,2011,0.717817419954501,18.13,68.5737493883254,50.4437493883254,17.4121825800455,0.1936658575778821,0.3333872199403077,0.021386194531963224,0.18281309068338433
Eswatini,SWZ,2012,0.305108362852056,20.78179932,71.6279475345304,50.8461482145304,20.476690957147945,0.22292870595023406,0.3494762159454224,0.009090204026668072,0.1938317086407748
Eswatini,SWZ,2013,0.371684705174382,24.70000076,79.0272480287436,54.3272472687436,24.32831605482562,0.26616641770553046,0.3884544715769247,0.011073737120950026,0.2218982088011351
Eswatini,SWZ,2014,0.448825529196101,25.0,80.6829892484285,55.6829892484285,24.5511744708039,0.26947693679561785,0.39717663451259233,0.013372021647102921,0.22667519765177105
Eswatini,SWZ,2015,0.525020278908273,25.64299965,82.3406804087808,56.6976807587808,25.117979371091728,0.276572496825185,0.405909069403813,0.01564211943849122,0.23270789522249644
Eswatini,SWZ,2016,0.608956709267538,28.56999969,86.5588465316001,57.98884684160009,27.96104298073246,0.308872210348148,0.42812965060064095,0.01814286792700743,0.2517149096252655
Eswatini,SWZ,2017,1.34191565323629,35.33160019,88.7130405501664,53.381440360166394,33.98968453676371,0.38348709115516133,0.4394775780434038,0.039980179371262484,0.2876482828566092
Eswatini,SWZ,2018,1.8710289504324,39.38100052,89.2003705956478,49.8193700756478,37.509971569567604,0.4281725946780077,0.44204474977869707,0.05574424358692576,0.30865386268121014
Eswatini,SWZ,2019,2.04369280109571,43.93389893,91.0519258836113,47.118026953611306,41.89020612890429,0.4784142456286355,0.45179842789820907,0.060888480263652615,0.330367051263499
Eswatini,SWZ,2020,2.29004241533492,49.01300049,104.747264466614,55.734263976613995,46.72295807466509,0.5344625965340337,0.5239431405863535,0.06822806359854547,0.37554460023964426
Eswatini,SWZ,2021,2.55280778191155,53.99530029,118.627490794327,64.632190504327,51.442492508088456,0.589442731151837,0.597061810445461,0.07605672739194663,0.42085375632974814
Eswatini,SWZ,2022,2.18530055779024,57.34370041,121.491701239707,64.148000829707,55.158399852209754,0.626392633153292,0.6121499835788204,0.06510745147794288,0.434550022736685
Eswatini,SWZ,2023,2.76365982774566,61.33330154,128.399211381334,67.06590984133399,58.56964171225434,0.6704182470271781,0.6485375713363524,0.08233871880691748,0.46709817905681605
Eswatini,SWZ,2024,2.5065536335855,63.40309906,139.833459658744,76.430360598744,60.896545426414505,0.6932586522314567,0.7087712451355869,0.07467866078822184,0.4922361860517552
Ethiopia,ETH,2010,0.004536191084382,0.75,7.57025899497312,6.82025899497312,0.745463808915618,0.0018759657577588674,0.01203121543344845,0.00013514838490670755,0.004680776525371342
Ethiopia,ETH,2011,0.0068201846978587,1.100000024,15.1655003216856,14.0655002976856,1.0931798393021415,0.0057382480788175875,0.052041654021134205,0.00020319623435938655,0.019327699444770394
Ethiopia,ETH,2012,0.0089093004714768,2.900000095,21.4239594545095,18.5239593595095,2.8910907945285236,0.025601413722851202,0.08501015153374403,0.00026543801770482486,0.03695900109143335
Ethiopia,ETH,2013,0.241842767793752,4.599999905,26.0536269908585,21.4536270858585,4.3581571372062475,0.044361067327806904,0.10939845213889031,0.007205309225448199,0.05365494289738181
Ethiopia,ETH,2014,0.466085305720848,7.699999809,30.1536033852735,22.453603576273498,7.233914503279152,0.07856985019492731,0.130996429962553,0.013886248424101239,0.07448417619386051
Ethiopia,ETH,2015,0.460203316477344,13.8551755555556,40.7363012371526,26.881125681597002,13.394972239078257,0.14649277830572965,0.186744281055247,0.013711004186918384,0.11564935451596503
Ethiopia,ETH,2016,0.523809621083991,15.3669238595896,47.9993274246983,32.6324035651087,14.843114238505608,0.16317505930054757,0.22500466683331577,0.015606049871186235,0.13459525866834984
Ethiopia,ETH,2017,0.0574013129864174,15.62440014,36.1094836260863,20.485083486086303,15.566998827013583,0.16601633363692034,0.1623709933714284,0.001710178120218148,0.11003250170952229
Ethiopia,ETH,2018,0.0973906492503457,15.88619995,36.16470719907575,20.27850724907575,15.788809300749655,0.1689053185183029,0.1626619017548021,0.0029015949077888232,0.11148960506029794
Ethiopia,ETH,2019,0.137379985514274,15.98460007,36.2199307720652,20.2353307020652,15.847220084485727,0.16999117285489018,0.16295281013817578,0.004093011695359499,0.1123456648961418
Ethiopia,ETH,2020,0.178274598062049,16.06959915,37.4208472347226,21.351248084722602,15.891324551937949,0.17092914548768706,0.1692790336656766,0.005311399707329752,0.11517319295356447
Ethiopia,ETH,2021,0.399382380284272,16.6981031,52.8088633217211,36.110760221721094,16.298720719715728,0.1778647441401048,0.2503404833486276,0.01189894399322232,0.1467013904939849
Ethiopia,ETH,2022,0.45157652011053,17.9836998,56.9642988837987,38.980599083798694,17.53212327988947,0.1920514214713653,0.27223061062830356,0.013453982916384142,0.15924533833868434
Ethiopia,ETH,2023,0.534823180349513,20.33749962,59.8748744402242,39.5373748202242,19.802676439650487,0.21802581806768437,0.2875630272752394,0.01593418083373196,0.17384100872555194
Ethiopia,ETH,2024,0.593917449513598,21.94129944,65.0825091944922,43.1412097544922,21.347381990486404,0.23572389597211094,0.314995960813498,0.017694797810883928,0.1894715515321643
Gabon,GAB,2010,0.237342278148637,13.0,93.6112366044355,80.6112366044355,12.762657721851363,0.1370558377253371,0.4652804411769978,0.007071224506459886,0.20313583446959826
Gabon,GAB,2011,0.252527378176584,18.0,133.010491109633,115.010491109633,17.747472621823416,0.1922312956712874,0.6728290080983237,0.007523639694719846,0.2908613144881103
Gabon,GAB,2012,0.270725528171969,24.0,138.488452744047,114.48845274404701,23.72927447182803,0.25844184520642777,0.7016859776311519,0.008065823772598337,0.322731215536726
Gabon,GAB,2013,0.465223498072982,30.53800011,143.499442515887,112.96144240588701,30.072776611927015,0.3305892752304125,0.7280830188712499,0.013860572276526604,0.3575109554593963
Gabon,GAB,2014,0.545895949199327,38.07120132,148.237590091786,110.16638877178599,37.52530537080067,0.41371884054255986,0.7530427738612805,0.016264075848880236,0.3943418967509069
Gabon,GAB,2015,0.542972059134077,45.78450012,138.244498133013,92.459998013013,45.24152806086592,0.49883579925534965,0.7004008662616645,0.016176963332539415,0.40513787628318454
Gabon,GAB,2016,0.715038665794413,48.0522995,141.050208874326,92.99790937432599,47.33726083420559,0.523861173119558,0.7151808729107361,0.021303406102242597,0.4201151507108456
Gabon,GAB,2017,0.683712735870926,51.60490036,123.475497241411,71.870596881411,50.921187624129075,0.5630644489894935,0.6226002832707501,0.02037010131941801,0.40201161119322054
Gabon,GAB,2018,0.953117951397584,55.42020035,132.465314660912,77.04511431091198,54.467082398602415,0.6051666338193794,0.6699571113563085,0.028396588538889204,0.4345067779048591
Gabon,GAB,2019,1.07496298020996,59.51760101,131.975264871196,72.45766386119601,58.44263802979004,0.6503818253800872,0.6673756124712921,0.032026761639312576,0.44992806649689726
Gabon,GAB,2020,1.9206136043356,63.91790009,131.301562643297,67.38366255329699,61.997286485664404,0.698939528747716,0.663826663799847,0.05722153715029611,0.4733292432326197
Gabon,GAB,2021,2.65142494578668,65.76809692,132.30865873249,66.54056181248998,63.116671974213325,0.7193566202247952,0.6691318745884548,0.07899486429444436,0.48916111970256476
Gabon,GAB,2022,3.3054859267542,67.67169952,123.233187164275,55.56148764427499,64.3662135932458,0.7403630492652156,0.6213238350259352,0.09848154013413728,0.48672280814176266
Gabon,GAB,2023,3.97293291301595,68.19789886,122.606627765979,54.408728905979004,64.22496594698404,0.7461697071762868,0.6180232267570588,0.11836703008069101,0.49418665467134554
Gabon,GAB,2024,4.6941021334787,68.72090149,125.337107593999,56.61620610399899,64.02679935652131,0.7519410890997241,0.6324069297593168,0.1398530860198994,0.5080670349596468
"Gambia, The",GMB,2010,0.0181664356934128,9.2,76.7322734515709,67.5322734515709,9.181833564306586,0.09512248968641487,0.37636493611248506,0.0005412392021864728,0.15734288833369545
"Gambia, The",GMB,2011,0.0220286079532852,10.87030029,70.6308247268856,59.7605244368856,10.848271682046715,0.11355440636801559,0.34422354270654304,0.0006563062999880538,0.15281141845818222
"Gambia, The",GMB,2012,0.0244726870129323,12.44919968,74.6999893299085,62.250789649908505,12.424726992987067,0.13097770574678191,0.36565920925736517,0.0007291236331539497,0.165788679545767
"Gambia, The",GMB,2013,0.0208192716106891,14.0,87.8808072933996,73.8808072933996,13.979180728389311,0.14809092931452716,0.4350935148941016,0.0006202761040658477,0.19460157343756487
"Gambia, The",GMB,2014,0.126725087409357,15.56000042,105.505264889158,89.945264469158,15.433275332590643,0.16530567682840214,0.5279361577995094,0.0037755664547515955,0.23233913369422107
"Gambia, The",GMB,2015,0.160618270204614,17.59950066,122.078516396055,104.47901573605499,17.438882389795385,0.18781174877297724,0.6152412259456442,0.004785358332765227,0.26927944435046225
"Gambia, The",GMB,2016,0.164202246374305,19.90640068,124.273821038818,104.367420358818,19.742198433625695,0.21326860178078164,0.6268057171595857,0.004892137033632908,0.2816554853246667
"Gambia, The",GMB,2017,0.17078041097452,22.5156002,126.633674737607,104.11807453760699,22.344819789025482,0.2420613574584524,0.6392370247941764,0.005088122675514362,0.29546216830938105
"Gambia, The",GMB,2018,0.184736659621142,28.30900002,132.57837035012,104.26937033012,28.12426336037886,0.3059920550849496,0.670552669484809,0.0055039262492309554,0.32734955027299645
"Gambia, The",GMB,2019,0.203513124968455,31.11829948,105.204644657943,74.086345177943,30.914786355031545,0.3369929319275118,0.5263525415874819,0.006063340285972715,0.28980293793365547
"Gambia, The",GMB,2020,0.198749231337348,36.01100159,106.448259811355,70.437258221355,35.812252358662654,0.3909843478299852,0.5329036945504969,0.005921407876571321,0.3099364834190178
"Gambia, The",GMB,2021,0.194098625393535,41.67309952,108.847403542688,67.174304022688,41.479000894606465,0.4534661170744987,0.5455419753893072,0.005782850688293285,0.33493031438403303
"Gambia, The",GMB,2022,0.215818879031432,48.22539902,106.782250509204,58.55685148920401,48.009580140968566,0.5257713421768029,0.534663100701049,0.006429970076414418,0.35562147098475544
"Gambia, The",GMB,2023,0.502141524068284,48.72829819,117.115660832998,68.387362642998,48.22615666593171,0.5313208805778805,0.5890977475249008,0.014960484404211733,0.37845970416899766
"Gambia, The",GMB,2024,0.518552979215852,49.49430084,126.243773523653,76.74947268365301,48.975747860784146,0.5397737899781929,0.6371830915608366,0.015449436834985458,0.39746877279133835
Ghana,GHA,2010,0.204455388509399,7.8,68.4473107845556,60.6473107845556,7.595544611490601,0.0796733614615488,0.33272116289568787,0.0060914134851272886,0.13949531261412132
Ghana,GHA,2011,0.249660012642992,9.0,81.1104488323626,72.1104488323626,8.750339987357007,0.09291547136857686,0.3994284188464965,0.00743821123423538,0.16659403381643625
Ghana,GHA,2012,0.254848945181518,10.6,95.8261770997433,85.22617709974331,10.345151054818482,0.11057161791128096,0.4769483707200936,0.007592806981840927,0.19837093187107183
Ghana,GHA,2013,0.251203224924326,15.0,102.337999297675,87.337999297675,14.748796775075673,0.15912602090371725,0.5112515417369186,0.00748418871699808,0.2259539171192113
Ghana,GHA,2014,0.250235435990938,19.0,108.270496910446,89.270496910446,18.749764564009062,0.20326638726047747,0.5425029294410281,0.0074553550305759405,0.2510748905773605
Ghana,GHA,2015,0.254850246382187,23.0,121.997156544235,98.997156544235,22.745149753617813,0.2474067536172377,0.614812636093825,0.007592845748984017,0.2899374118200156
Ghana,GHA,2016,0.294978237026438,28.0,130.481366086196,102.481366086196,27.705021762973562,0.30258221156318804,0.65950600793572,0.008788393516756424,0.3236255376718881
Ghana,GHA,2017,0.189313949042323,37.88420105,122.471765695646,84.587564645646,37.69488710095768,0.41165527543590663,0.6173127963242706,0.00564029909178008,0.34486945695065246
Ghana,GHA,2018,0.199976597372149,43.0,133.609992432498,90.60999243249799,42.80002340262785,0.46810858540103895,0.6759870790311545,0.005957975237647403,0.3833512132232802
Ghana,GHA,2019,0.187204014722826,22.0732,130.70523333401,108.63203333400999,21.885995985277173,0.23717943073237638,0.6606853024946636,0.0055774370539525666,0.30114739009366415
Ghana,GHA,2020,0.245771040587956,62.51760101,126.887391353856,64.36979034385601,62.271829969412046,0.6834871001476573,0.6405735607456285,0.007322345680424161,0.44379433552457
Ghana,GHA,2021,0.352237707175248,68.6,124.402625384529,55.80262538452901,68.24776229282475,0.7506069300843046,0.6274842365300989,0.010494345661909451,0.4628618374254377
Ghana,GHA,2022,0.62494509663475,69.91329956,120.803416027053,50.890116467053005,69.28835446336525,0.7650993110129476,0.608524214225732,0.018619215746079935,0.46408091366158644
Ghana,GHA,2023,0.555476730525596,70.67430115,98.8059221412722,28.1316209912722,70.11882441947441,0.7734970332581169,0.4926451604418044,0.01654951953903863,0.42756390441298664
Ghana,GHA,2024,0.664728986034211,72.17569733,113.647966704673,41.47226937467299,71.5109683439658,0.790065077616077,0.5708305250636128,0.01980451158076296,0.46023337142015097
Guinea,GIN,2010,0.0048095023454019,1.0,38.4760187632153,37.4760187632153,0.9951904976545981,0.004634738655056383,0.1748374976860035,0.0001432912463551219,0.05987184252913833
Guinea,GIN,2011,0.0056302026591447,2.0,45.6101779050204,43.6101779050204,1.9943697973408554,0.015669830244246445,0.21241903380047478,0.00016774266822679965,0.07608553557098267
Guinea,GIN,2012,0.0064093284662724,3.099999905,51.1345381222737,48.034538217273706,3.0935905765337273,0.027808429944021808,0.24152042317059227,0.00019095544575616362,0.08983993618679008
Guinea,GIN,2013,0.0071480439422427,4.5,66.4452768540172,61.945276854017195,4.492851956057757,0.043257559217221596,0.32217478889878143,0.00021296426364452584,0.12188177079321584
Guinea,GIN,2014,0.007844556453089,6.400000095,75.686895511554,69.286895416554,6.392155538546911,0.06422423428501642,0.3708580630493652,0.0002337157132984633,0.14510533768256004
Guinea,GIN,2015,0.0084982922681687,9.199999809,91.475617974568,82.27561816556799,9.191501516731831,0.09512248757871238,0.4540303657203412,0.0002531927013530193,0.18313534866680223
Guinea,GIN,2016,0.0091112173166139,13.10000038,92.0232948978011,78.9232945178011,13.090889162683387,0.13815935107759092,0.4569154345365016,0.00027145379944728523,0.19844874647117994
Guinea,GIN,2017,0.0090992332341783,18.70000076,94.4640894763856,75.7640887163856,18.690901526765824,0.1999558681703901,0.4697731249495963,0.00027109675333621277,0.22333336329110753
Guinea,GIN,2018,0.0095475921098635,21.8300230430563,94.5550074326391,72.7249843895828,21.820475450946436,0.2344959507401221,0.47025206526876756,0.00028445487180614877,0.23501082362689862
Guinea,GIN,2019,0.0095900477093365,23.89049911,98.7621473298315,74.87164821983151,23.880909062290662,0.25723349285617997,0.49241456218567314,0.0002857197668672887,0.24997792493624016
Guinea,GIN,2020,0.0074787698291168,26.14550018,107.776552007403,81.631051827403,26.138021410170882,0.28211763619735153,0.539900911761959,0.0002228176998482528,0.2740804552197196
Guinea,GIN,2021,0.0072936731105539,28.61330032,110.185519681138,81.572219361138,28.606006646889448,0.3093500367660676,0.5525909434572933,0.00021730304623248357,0.2873860944231978
Guinea,GIN,2022,0.0062752856838037,31.31399918,95.3174629318803,64.0034637518803,31.307723894316197,0.3391524960409888,0.47426855106770366,0.00018696186056055362,0.27120266965641765
Guinea,GIN,2023,,32.31560135,97.8794996455513,65.5638982955513,,0.3502052677228703,0.4877649244128413,,
Guinea,GIN,2024,,33.30469894,,,,0.3611200502191675,,,
Guinea-Bissau,GNB,2010,0.0510742511078324,2.450000048,43.2448876270711,40.7948875790711,2.3989257968921676,0.02063562198906637,0.19995908719218145,0.0015216736727226214,0.07403879428465682
Guinea-Bissau,GNB,2011,0.0621861155816019,2.671999931,45.5596626030113,42.887662672011295,2.6098138154183985,0.02308541103076085,0.2121529277872708,0.0018527334779637767,0.07903035743199847
Guinea-Bissau,GNB,2012,0.0728465311910922,2.894000053,63.5328932668127,60.6388932138127,2.821153521808908,0.025535202709842213,0.3068328478534313,0.002170343103584994,0.11151279788895284
Guinea-Bissau,GNB,2013,0.0856145705149787,3.099999905,55.420045012509,52.320045107509,3.014385334485021,0.027808429944021808,0.26409574406866837,0.002550745926338586,0.09815163997967626
Guinea-Bissau,GNB,2014,0.0801207497234542,3.319999933,63.654183911294,60.334183978294,3.2398791832765457,0.03023615040262619,0.3074717863247097,0.0023870665325190065,0.11336500108661829
Guinea-Bissau,GNB,2015,0.0588315307897139,6.099999905,69.3267736083208,63.22677370332081,6.041168374210286,0.06091370471159199,0.33735402336539483,0.0017527891175471272,0.133340172398178
Guinea-Bissau,GNB,2016,0.0483652702423122,13.80000019,70.1915996185367,56.3915994285367,13.751634919757688,0.14588391309335658,0.3419097795925315,0.0014409640240531127,0.16307821890331373
Guinea-Bissau,GNB,2017,0.0454431156609869,14.80000019,76.4393694008541,61.639369210854106,14.754557074339013,0.15691900468254663,0.37482196742601653,0.0013539032136138068,0.17769829177405902
Guinea-Bissau,GNB,2018,0.062637605037645,15.69999981,77.0219356476645,61.321935837664505,15.637362204962354,0.16685058291948288,0.37789082726056705,0.0018661848669488477,0.18220253168233294
Guinea-Bissau,GNB,2019,0.0623571933875965,17.92149925,80.8245277725828,62.9030285225828,17.859142056612402,0.19136503270521732,0.39792223536776866,0.0018578304610369013,0.1970483661780076
Guinea-Bissau,GNB,2020,0.118365532433795,20.45730019,95.0628708236165,74.60557063361651,20.338934657566206,0.21934782833007158,0.47292740317332765,0.003526507203836032,0.23193391290241175
Guinea-Bissau,GNB,2021,0.160430067207715,23.3519001,108.62961248586,85.27771238585999,23.191470032792285,0.2512900034509829,0.5443946891703009,0.004779751132673265,0.266821481251319
Guinea-Bissau,GNB,2022,0.219184822436547,27.67379951,125.934670099533,98.260870589533,27.454614687563453,0.2989825592795993,0.6355547873324376,0.006530252848111337,0.31368919982004945
Guinea-Bissau,GNB,2023,0.310448099439986,28.71240044,128.110529740092,99.39812930009201,28.401952340560015,0.3104436156667673,0.6470168455843368,0.009249292733969367,0.3222365846616912
Guinea-Bissau,GNB,2024,0.386080917545218,29.77739906,147.197631273872,117.420232213872,29.391318142454782,0.32219597298082836,0.747564447811056,0.011502648693346345,0.36042102316174357
Kenya,KEN,2010,0.016505376254908,7.2,60.0234402305252,52.8234402305252,7.1834946237450925,0.07305230650803476,0.2883456465724254,0.0004917506563620081,0.12062990124560741
Kenya,KEN,2011,0.126627569687319,8.800000191,65.6730161546273,56.8730159636273,8.673372621312682,0.09070845515844135,0.3181066509743217,0.0037726610739181924,0.13752925573556044
Kenya,KEN,2012,0.123832539161972,10.5,70.0226527327794,59.522652732779406,10.376167460838028,0.10946810875236196,0.34101979615337474,0.0036893877165487996,0.15139243087409518
Kenya,KEN,2013,0.164812822501609,13.0,70.7541086893706,57.7541086893706,12.83518717749839,0.1370558377253371,0.34487298163779917,0.004910328149468357,0.16227971583753487
Kenya,KEN,2014,0.221085377569084,16.5,73.0327455558393,56.5327455558393,16.278914622430914,0.17567865828750232,0.356876452822953,0.006586876775942085,0.17971399596213244
Kenya,KEN,2015,0.286921276745847,16.5878548475992,80.0958263165851,63.5079714689859,16.300933570853353,0.17664814457731384,0.39408356012365064,0.008548349579249388,0.19309335142673797
Kenya,KEN,2016,0.275660288360412,16.6,80.9772361004341,64.37723610043409,16.32433971163959,0.17678216744642133,0.39872667684770347,0.008212846871265014,0.19457389705512992
Kenya,KEN,2017,0.586008315906052,17.82710075,87.026530838819,69.199430088819,17.241092434093947,0.19032333661183515,0.4305933319305015,0.017459158127019765,0.2127919422231188
Kenya,KEN,2018,0.739931101786048,19.5,98.5944679106884,79.0944679106884,18.76006889821395,0.2087839330550725,0.4915312555449152,0.02204503546883737,0.24078674135627506
Kenya,KEN,2019,0.959288829892146,22.6687733618171,106.547822056778,83.8790486949609,21.709484531924954,0.2437516373281099,0.5334281715137421,0.028580439758223188,0.2685867495333584
Kenya,KEN,2020,1.29112489733773,24.7227993,117.602526394779,92.87972709477901,23.431674402662267,0.2664180016825302,0.5916624724391163,0.038466951974049264,0.2988491420318986
Kenya,KEN,2021,1.48254108303764,26.96290016,122.297519656734,95.33461949673399,25.480359076962362,0.29113771984165365,0.6163948978482187,0.04416988376442591,0.31723416715143277
Kenya,KEN,2022,1.47646942688922,29.40589905,121.168999135357,91.763100085357,27.929429623110778,0.3180964363450933,0.6104500438174856,0.04398898871240902,0.32417848962499596
Kenya,KEN,2023,2.38882511128724,32.07040024,120.612416887959,88.542016647959,29.68157512871276,0.3474994510162492,0.607518063269324,0.07117113225820826,0.3420628821812605
Kenya,KEN,2024,3.04382666975517,34.97622513,126.477706000949,91.501480870949,31.932398460244833,0.3795654948195474,0.6384154080355744,0.0906858310642391,0.36955557797312033
Lesotho,LSO,2010,0.0200375604069829,3.859999895,49.4651223718861,45.6051224768861,3.839962334593017,0.03619509944145534,0.23272622513460842,0.0005969862988792648,0.08983943695831435
Lesotho,LSO,2011,0.0664843106460795,7.0,61.1891009424486,54.1891009424486,6.9335156893539205,0.07084528819019674,0.29448614880564095,0.001980791161198977,0.12243740938567889
Lesotho,LSO,2012,0.0804186488683877,10.0,75.9363906183486,65.9363906183486,9.919581351131612,0.10395056295776693,0.3721723608075187,0.0023959419497035844,0.15950628857166307
Lesotho,LSO,2013,0.110624632872098,15.0,87.055264662748,72.055264662748,14.889375367127903,0.15912602090371725,0.4307446968244196,0.0032958797778683897,0.1977221991686684
Lesotho,LSO,2014,0.0722084487731054,22.0,102.821994635806,80.821994635806,21.927791551226896,0.23637166202804766,0.5138011468014622,0.0021513324828628657,0.2507747137707909
Lesotho,LSO,2015,0.0979753503141436,25.0,101.688197961524,76.688197961524,24.902024649685856,0.26947693679561785,0.5078284988952346,0.0029190151184800327,0.26007481693644413
Lesotho,LSO,2016,0.10467409743234,32.4538569477365,107.157971519258,74.7041145715215,32.34918285030416,0.3517309309066108,0.5366423350337355,0.003118593319019185,0.29716395308645516
Lesotho,LSO,2017,0.223493470430344,39.0,110.370078484639,71.370078484639,38.77650652956966,0.4239682190442787,0.553563167821952,0.006658621959257924,0.3280633362751629
Lesotho,LSO,2018,0.263921601133539,40.79999924,72.4555241955612,31.655524955561198,40.53607763886646,0.44383137551815116,0.35383574894094694,0.007863111908578137,0.2685100787892254
Lesotho,LSO,2019,0.209015549435255,42.301733569273,76.1124827725111,33.8107492032381,42.09271801983774,0.46040315138430965,0.37309998430449876,0.006227276012207776,0.27991013723367203
Lesotho,LSO,2020,0.226324591508713,43.65750122,69.8944012395073,26.236900019507303,43.431176628491286,0.47536417158374317,0.3403441891154133,0.006742970575552829,0.27415044375823644
Lesotho,LSO,2021,0.353652507890634,45.05670166,80.5368195682415,35.480117908241496,44.703049152109365,0.4908044765907782,0.39640663751566546,0.010536497332351112,0.2992492038129316
Lesotho,LSO,2022,0.39753117741491,48.06959915,68.1001351640997,20.030536014099695,47.67206797258509,0.5240520763417691,0.33089230081693616,0.01184379043525376,0.28892938919798633
Lesotho,LSO,2023,0.383738154734299,48.98590088,69.3513051423509,20.365404262350893,48.60216272526571,0.5341635498556524,0.33748325131136153,0.011432849911896128,0.29435988369297
Lesotho,LSO,2024,0.379434958926989,51.79660034,70.328049309004,18.531448969004003,51.41716538107301,0.5651798758264394,0.3426285733379718,0.011304643239717437,0.30637103080137623
Liberia,LBR,2010,0.0045825336483619,2.3,38.7127515158085,36.4127515158085,2.295417466351638,0.01898035772100346,0.17608456553439586,0.00013652908571004963,0.06506715078036979
Liberia,LBR,2011,0.0014924743756363,2.5,47.8690308724247,45.3690308724247,2.4985075256243636,0.021187376038841476,0.2243182867726066,4.446582995067383e-05,0.08185004288046625
Liberia,LBR,2012,0.0119825028018247,2.599999905,54.4220580497379,51.8220581447379,2.588017402198175,0.022290884149426777,0.2588385186076642,0.0003569990484709336,0.09382880060185396
Liberia,LBR,2013,0.113640456360387,3.200000048,57.0612667465878,53.8612666985878,3.086359591639613,0.028911940680958915,0.2727414208254012,0.0033857312999987675,0.10167969760211963
Liberia,LBR,2014,0.131455189226459,5.409999847,70.6628167823582,65.25281693535821,5.278544657773541,0.05329949087501553,0.34439207140967704,0.00391649209239208,0.1338693514590282
Liberia,LBR,2015,0.150232936167528,10.0,78.3786689834016,68.3786689834016,9.849767063832472,0.10395056295776693,0.38503786755518676,0.004475944312121066,0.1644881249416916
Liberia,LBR,2016,0.168222443902021,15.69999981,65.5437117609357,49.84371195093569,15.531777366097979,0.16685058291948288,0.31742549743615556,0.005011912235508201,0.1630959975303822
Liberia,LBR,2017,0.185608150260109,16.29999924,54.8575199657656,38.5575207257656,16.11439108973989,0.1734716315829947,0.2611324578650286,0.005529890885668609,0.1467113267778973
Liberia,LBR,2018,0.2018505509363095,17.27770042,46.63085304076605,29.35315262076605,17.07584986906369,0.18426065365115388,0.2177957766951479,0.006013806615311019,0.1360234123205376
Liberia,LBR,2019,0.21809295161251,19.89579964,38.4041861157665,18.5083864757665,19.67770668838749,0.21315161833344096,0.17445909552526728,0.00649772234495343,0.1313694787345539
Liberia,LBR,2020,0.252453508259017,22.91069984,32.1004345501657,9.189734710165702,22.658246331740983,0.2464213181727084,0.14125200518562858,0.007521438861495086,0.1317315874066107
Liberia,LBR,2021,0.247180102838331,26.38229942,31.429900768597,5.047601348597002,26.135119317161667,0.28473073749900213,0.13771974735017736,0.007364326382698112,0.1432716037439592
Liberia,LBR,2022,0.274673226516174,30.38010025,32.0638885570006,1.6837883070006008,30.105427023483827,0.3288468358133922,0.14105948711381755,0.008183438980025359,0.15936325396907838
Liberia,LBR,2023,,31.22410011,,,,0.33816045156975577,,,
Liberia,LBR,2024,,32.23360062,,,,0.3493003821569398,,,
Libya,LBY,2010,1.1203724807586,14.0,167.748077476219,153.748077476219,12.8796275192414,0.14809092931452716,0.8558207006883349,0.033379663345702006,0.34576376444952134
Libya,LBY,2011,1.10354343066113,14.0,157.649061523019,143.649061523019,12.89645656933887,0.14809092931452716,0.8026208035144996,0.03287826935724815,0.3278633340620916
Libya,LBY,2012,1.08911519181374,15.19999981,155.146320117657,139.946320307657,14.11088461818626,0.16133303712488783,0.7894367877613838,0.03244840360842936,0.3277394094982337
Libya,LBY,2013,1.02623025498094,16.5,162.34581961061,145.84581961061,15.47376974501906,0.17567865828750232,0.8273625257246766,0.030574849895673648,0.3445386779692842
Libya,LBY,2014,0.977089431066341,17.76000023,132.203934123012,114.443933893012,16.78291079893366,0.18958287622795286,0.66858020317001,0.029110779519999044,0.295757952972654
Libya,LBY,2015,0.933889931732646,25.0,149.224588127748,124.224588127748,24.066110068267353,0.26947693679561785,0.7582421115261863,0.027823721180717756,0.35184758983417397
Libya,LBY,2016,2.54699624223062,35.0,115.499434118109,80.499434118109,32.45300375776938,0.37982785268751845,0.5805837402750702,0.07588358208411268,0.3454317250155671
Libya,LBY,2017,4.71896206577758,47.5,89.333810176041,41.833810176041,42.78103793422242,0.5177664975523942,0.44274768677659226,0.14059374699219648,0.367035977107061
Libya,LBY,2018,4.64691082929459,47.5,126.66910533653049,79.16910533653049,42.85308917070541,0.5177664975523942,0.6394236671589645,0.13844709839206726,0.431879087701142
Libya,LBY,2019,4.5748595928116,71.40409851,164.00440049702,92.60030198701999,66.82923891718839,0.781550413967266,0.8360996475413365,0.136300449791938,0.5846501704335135
Libya,LBY,2020,4.71229521564357,74.35810089,164.987107188677,90.62900629867698,69.64580567435644,0.8141481007852515,0.8412763791348367,0.14039511911006675,0.5986065330100516
Libya,LBY,2021,4.65300430613124,77.438797,195.117849246865,117.67905224686501,72.78579269386876,0.8481438645175629,1.0,0.13862864355575644,0.6622575026911064
Libya,LBY,2022,4.51840823499527,80.64720154,192.97309381967,112.32589227967,76.12879330500473,0.8835489024716361,0.9887017934501188,0.13461857403036898,0.6689564233173746
Libya,LBY,2023,,82.10469818,,,,0.8996325113849729,,,
Libya,LBY,2024,,81.95449829,,,,0.8979750418421367,,,
Madagascar,MDG,2010,0.0243020212465751,1.700000048,34.7635703189871,33.0635702709871,1.675698026753425,0.01235930329717382,0.15528095114608806,0.0007240389261270666,0.05612143112312965
Madagascar,MDG,2011,0.030023266717202,1.899999976,38.0363591750174,36.136359199017406,1.869976709282798,0.01456632082048524,0.17252144580609657,0.0008944940658305526,0.06266075356413746
Madagascar,MDG,2012,0.13245426583546,2.299999952,37.4155490576043,35.1155491056043,2.16754568616454,0.018980357191319065,0.16925112377037502,0.003946257943872508,0.06405924630185554
Madagascar,MDG,2013,0.157565817989663,3.0,35.0948534776429,32.0948534776429,2.842434182010337,0.026704921833436503,0.15702609444099763,0.004694415517707043,0.06280847726404706
Madagascar,MDG,2014,0.100285297234557,3.700000048,39.2252725571455,35.5252725091455,3.5997147507654432,0.034429486475553946,0.1787844391483113,0.0029878362042118356,0.07206725394269235
Madagascar,MDG,2015,0.0931855023903611,4.173999786,42.0572239372609,37.8832241512609,4.080814283609639,0.03966011699763604,0.19370267701639798,0.002776309443431041,0.07871303448582169
Madagascar,MDG,2016,0.101092139939568,4.713699818,30.6447038676546,25.931004049654597,4.612607678060432,0.04561575628144484,0.13358346371769989,0.0030118747613245267,0.06073703158682309
Madagascar,MDG,2017,0.0935555068196559,6.406000137,32.5906255978573,26.184625460857298,6.3124446301803445,0.06429044529802541,0.1438342481936183,0.0027873331194837735,0.07030400887037584
Madagascar,MDG,2018,0.0989673512851062,7.747799873,38.7515500132643,31.0037501402643,7.648832521714894,0.07909732827913644,0.17628894941543072,0.0029485701629121492,0.08611161595249311
Madagascar,MDG,2019,0.106309263427764,9.379400253,46.077978411707,36.698578158707,9.273090989572236,0.09710218790939375,0.21488332724935377,0.0031673104121100796,0.10505094185695253
Madagascar,MDG,2020,0.110521830202826,11.35470009,54.8084663590199,43.4537662690199,11.244178259797174,0.11889980252680095,0.26087405181368956,0.0032928169406867625,0.12768889042705908
Madagascar,MDG,2021,0.104182794544746,13.74590015,53.9177233784298,40.1718232284298,13.641717355455254,0.14528691419697773,0.25618176939772863,0.0031039557540394067,0.13485754644958192
Madagascar,MDG,2022,0.10748996107107,17.81170082,64.7494924066919,46.9377915866919,17.704210858928928,0.19015339697381803,0.31324168505532146,0.003202487364885582,0.16886585646467503
Madagascar,MDG,2023,0.124487385085979,18.24080086,75.4562966735535,57.215495813553495,18.116313474914023,0.19488855521614315,0.36964330761904574,0.0037088977784809334,0.18941358687122326
Madagascar,MDG,2024,,18.67790031,,,,0.19971198768047774,,,
Malawi,MWI,2010,0.0073179962071871,2.26,21.025675510066,18.765675510066004,2.252682003792813,0.018538954057435858,0.08291205950293881,0.00021802771306524217,0.03388968042447997
Malawi,MWI,2011,0.0113330986355604,3.33,25.8864481164849,22.5564481164849,3.31866690136444,0.030346502057869224,0.10851778228278469,0.0003376511147993378,0.04640064515181775
Malawi,MWI,2012,0.0078805431871271,4.350599766,29.5800071510519,25.2294073850519,4.342719222812873,0.04160891395158517,0.12797482262761073,0.00023478787910736443,0.05660617481943442
Malawi,MWI,2013,0.0543070159937472,5.050000191,32.7317425220037,27.6817423310037,4.995693175006252,0.049326861698978625,0.14457762813170996,0.0016179886085326998,0.06517415947974044
Malawi,MWI,2014,0.05150546237057,5.829999924,33.8868400746068,28.056840150606803,5.77849446162943,0.05793423019217742,0.15066248543949173,0.0015345209061456615,0.07004374551260494
Malawi,MWI,2015,0.034268649944541,6.0,38.4341901744435,32.4341901744435,5.965731350055459,0.059810196601006685,0.17461715179964207,0.001020978306862709,0.0784827755691705
Malawi,MWI,2016,0.0495052352697577,6.300000191,40.8844441758703,34.5844439848703,6.250494955730242,0.0631207261854662,0.18752467284226207,0.0014749274152426569,0.08404010881432362
Malawi,MWI,2017,0.0599566013099431,7.0,43.0855088342582,36.0855088342582,6.940043398690057,0.07084528819019674,0.19911950683815202,0.0017863087512853609,0.09058370125987804
Malawi,MWI,2018,0.0613015454757565,8.798299789,38.1955692011493,29.3972694121493,8.736998243524242,0.0906896910666329,0.17336013712597484,0.0018263791602293757,0.0886254024509457
Malawi,MWI,2019,0.0596980345376099,11.05860043,46.7841008334388,35.7255004034388,10.998902395462391,0.11563231565917291,0.21860305998394444,0.0017786051777318377,0.11200466027361639
Malawi,MWI,2020,0.0627371263723842,13.89949989,51.2170439392301,37.3175440492301,13.836762763627615,0.1469819013959535,0.24195504977170512,0.001869149942141573,0.13026870036993338
Malawi,MWI,2021,0.0670814931398598,15.30300045,59.5599408158462,44.2569403658462,15.235918956860141,0.16246965862103305,0.2859040105441901,0.001998583235656961,0.15012408413362668
Malawi,MWI,2022,0.0724060330808983,16.84830093,59.6495709408963,42.801270010896296,16.7758948969191,0.17952219095065242,0.2863761667877727,0.0021572191837501056,0.15601852564072508
Malawi,MWI,2023,0.079556560544817,17.98810346,61.0866071008045,43.098503640804495,17.908546899455185,0.19210001626279297,0.293946228692465,0.0023702574398559604,0.1628055007983713
Malawi,MWI,2024,0.0863853749149284,18.96159935,69.260530662121,50.298931312121,18.87521397508507,0.20284263257064306,0.33700506679946274,0.0025737107811681917,0.18080713671709134
Mali,MLI,2010,0.0502910029715529,2.0,46.6622176783255,44.6622176783255,1.9497089970284471,0.015669830244246445,0.21796100026750287,0.0014983380771468931,0.07837638952963207
Mali,MLI,2011,0.0515026702513302,2.2,65.7107159010821,63.510715901082094,2.14849732974867,0.01787684856208446,0.3183052468220923,0.0015344377195252775,0.11257217770123401
Mali,MLI,2012,0.02547615493819,2.799999952,86.1756593856956,83.3756594336956,2.7745237970618097,0.024497902985914095,0.4261110859350415,0.0007590203167110398,0.15045600307922222
Mali,MLI,2013,0.0166613066782973,3.5,113.114584714497,109.614584714497,3.4833386933217025,0.032222467628031534,0.5680207595217782,0.0004963963479757145,0.20024654116592847
Mali,MLI,2014,0.01774009737680965,7.0,130.439571178385,123.439571178385,6.98225990262319,0.07084528819019674,0.6592858394749274,0.0005285371502135872,0.24355322160511259
Mali,MLI,2015,0.018818888075322,10.32999992,122.082978226993,111.752978306993,10.31118103192468,0.10759214229939233,0.6152647301116154,0.0005606779524514598,0.24113918345448637
Mali,MLI,2016,0.111738195386459,14.0,105.348301513254,91.348301513254,13.88826180461354,0.14809092931452716,0.5271093014506486,0.003329056549417255,0.22617642910486435
Mali,MLI,2017,0.0777267019132024,18.89999962,111.210305187838,92.310305567838,18.822272918086796,0.20216287390822366,0.5579893390865627,0.0023157397984978245,0.25415598426442804
Mali,MLI,2018,0.591594866067607,21.39999962,107.404034726492,86.004035106492,20.808404753932393,0.2297506028811988,0.5379385541291183,0.017625600240566076,0.26177158575029436
Mali,MLI,2019,0.676472661314418,24.96030045,108.814511587375,83.85421113737499,24.28382778868558,0.2690388486253182,0.5453687061669782,0.0201543951543305,0.27818731664887564
Mali,MLI,2020,1.12281404354348,29.11300087,116.587405376001,87.47440450600101,27.990186826456522,0.31486427810248624,0.5863149876873096,0.03345240571058186,0.31154389050012593
Mali,MLI,2021,0.648338018002888,33.95650101,108.693122357196,74.736621347196,33.30816299199711,0.36831274575964107,0.5447292483630238,0.019316169530068112,0.31078605455091096
Mali,MLI,2022,0.774220028570636,35.19919968,112.119852778009,76.92065309800901,34.42497965142936,0.3820260394008558,0.562780680985223,0.023066617890943986,0.3226244460923409
Mali,MLI,2023,,36.03879929,,,,0.3912910979954541,,,
Mali,MLI,2024,,36.80149841,,,,0.39970755263964874,,,
Mauritania,MRT,2010,0.171308167439062,4.0,81.8660764708571,77.8660764708571,3.828691832560938,0.03774001342262657,0.4034089366371311,0.00510384631512304,0.14875093212496024
Mauritania,MRT,2011,0.174716820290903,4.5,94.6316258570616,90.1316258570616,4.325283179709097,0.043257559217221596,0.4706556780880548,0.005205401544844303,0.17303954628337356
Mauritania,MRT,2012,0.185049380580564,5.0,111.230731736701,106.230731736701,4.814950619419436,0.04877510501181662,0.5580969426693437,0.00551324325810606,0.2041284303130888
Mauritania,MRT,2013,0.201696802468349,6.199999809,106.798483685642,100.59848387664199,5.998303006531652,0.06201721281114222,0.5347486143116135,0.006009225931486151,0.20092501768474727
Mauritania,MRT,2014,0.20787244115521,11.80000019,97.5267336951353,85.7267335051353,11.59212774884479,0.12381372991497644,0.48590661342734226,0.00619321897295441,0.20530452077175773
Mauritania,MRT,2015,0.243018145169932,17.60000038,91.8941169084199,74.2941165284199,17.35698223483007,0.1878172632289462,0.4562349468747285,0.007240327669577136,0.21709751259108398
Mauritania,MRT,2016,0.272618915656489,19.23279953,88.4383494871236,69.2055499571236,18.96018061434351,0.20583535139594789,0.4380305522761242,0.008122234152094138,0.21732937927472207
Mauritania,MRT,2017,0.300123497838788,21.01720047,96.7595354581295,75.7423349881295,20.717076972161212,0.2255263792006847,0.4818651436930833,0.00894168813679724,0.23877773701018837
Mauritania,MRT,2018,0.304863077886015,22.96699905,105.275094895088,82.308095845088,22.662135972113983,0.24704258511145744,0.526723661446026,0.00908289616278278,0.2609497142400888
Mauritania,MRT,2019,0.242070430744355,25.0977993,105.441089704161,80.343290404161,24.855728869255643,0.2705561610284765,0.5275980938476578,0.0072120920702412735,0.2684554489821252
Mauritania,MRT,2020,0.401227704167555,29.90649986,126.277034284458,96.370534424458,29.505272155832444,0.32362061213306603,0.637358303587726,0.01195392239642807,0.3243109460390734
Mauritania,MRT,2021,0.405903092669414,35.63660049,137.540323142707,101.90372265270699,35.23069739733059,0.38685279740039175,0.6966913922643693,0.012093217940439245,0.3652124692017334
Mauritania,MRT,2022,0.415227794850191,42.46450043,109.883898247552,67.419397817552,42.04927263514981,0.46219929860011705,0.5510020530815813,0.012371032171812119,0.3418574612845035
Mauritania,MRT,2023,0.59041012129361,44.95629883,90.7724948884417,45.8161960584417,44.36588870870639,0.4896965221659143,0.45032643297522895,0.017590302710159204,0.31920441928376747
Mauritania,MRT,2024,0.946513083252489,45.77939987,92.0748946443443,46.2954947743443,44.83288678674751,0.49877951752947186,0.4571872532189371,0.02819980730861769,0.3280555260190089
Mauritius,MUS,2010,7.32215958568935,28.33,92.8425699047874,64.5125699047874,21.00784041431065,0.3062237917876207,0.4612312358314737,0.21815175410978097,0.3285355939096251
Mauritius,MUS,2011,9.1921039721924,34.95000076,100.608971543233,65.658970783233,25.757896787807603,0.3792761064947286,0.5021433178096284,0.2738636848905103,0.3850943697316224
Mauritius,MUS,2012,10.9217558584205,35.42,115.252449250293,79.832449250293,24.4982441415795,0.3844625911549783,0.5792826660286094,0.32539583036811087,0.42971369585056624
Mauritius,MUS,2013,12.5795517217874,40.116825135,118.793106653529,78.676281518529,27.5372734132126,0.43629248669811327,0.5979342466036701,0.37478714331576224,0.4696712922058485
Mauritius,MUS,2014,14.0866327916688,44.8032753683379,127.86328226284,83.0600068945021,30.716642576669102,0.48800789425117813,0.6457143879560637,0.4196881558015916,0.5178034793362779
Mauritius,MUS,2015,15.2753864309067,50.1393184766711,136.371902265385,86.2325837887139,34.8639320457644,0.5468916186755014,0.6905363499496181,0.4551051237834113,0.5641776974695102
Mauritius,MUS,2016,16.4576177636993,52.19129944,140.423888162514,88.23258872251401,35.733681676300705,0.5695354165451103,0.7118815220016326,0.49032777032560204,0.5905815696241149
Mauritius,MUS,2017,19.0600896444054,55.4032403002657,142.524532117413,87.1212918171473,36.3431506558603,0.6049794781172042,0.722947356823297,0.5678641582113582,0.6319303310506198
Mauritius,MUS,2018,21.3138552473439,58.596169704299,148.816797831837,90.22062812753799,37.282314456955106,0.6402137465285297,0.7560939416538454,0.6350114135913477,0.6771063672579075
Mauritius,MUS,2019,23.8830105654334,61.7299551453346,145.117277088014,83.38732194267939,37.846944579901205,0.6747953558912279,0.7366054960393505,0.7115551890530418,0.7076520136612068
Mauritius,MUS,2020,25.1865809761826,67.73290684,149.06995900167,81.33705216166999,42.5463258638174,0.7410384776473443,0.7574275516081158,0.7503929347184517,0.7496196546579705
Mauritius,MUS,2021,25.7028828022003,71.59999847,154.053185977432,82.453187507432,45.8971156677997,0.7837121879681846,0.7836783431637444,0.7657753021303797,0.7777219444207697
Mauritius,MUS,2022,26.1963906498554,75.5,164.309278835228,88.80927883522801,49.3036093501446,0.826749062049716,0.8377056947362672,0.7804785602843423,0.8149777723567752
Mauritius,MUS,2023,26.9082309192612,79.5,165.257524411348,85.75752441134799,52.5917690807388,0.8708894284064762,0.8427008910384517,0.8016866754038702,0.8384256649495994
Mauritius,MUS,2024,27.9742504733832,73.30793533,172.68356921857,99.37563388857,45.333684856616806,0.8025594276468384,0.8818200311589623,0.8334469823086189,0.8392754803714731
Morocco,MAR,2010,1.55388163790599,52.0,98.5069862903323,46.50698629033231,50.44611836209401,0.5674244097037495,0.491070417258382,0.046295358769656965,0.36826339524392954
Morocco,MAR,2011,1.80844788018493,46.107482597,111.063715196143,64.956232599143,44.29903471681507,0.5023999404707481,0.5572171279601492,0.05387974308146897,0.3711656038374554
Morocco,MAR,2012,2.06726433186317,55.4160531914894,116.972130406733,61.556077215243604,53.348788859626225,0.60512086954538,0.58834165366843,0.061590755422203394,0.41835109287867117
Morocco,MAR,2013,2.49778239459711,56.0,125.560354723339,69.560354723339,53.50221760540289,0.6115647760605097,0.6335829576396846,0.07441733608631654,0.4398550232621703
Morocco,MAR,2014,2.90442154576056,56.7746379160074,128.971839608382,72.19720169237459,53.87021637024684,0.6201129764121107,0.6515540793742605,0.08653248368421848,0.4527331798235299
Morocco,MAR,2015,3.31584217888863,57.0799993486116,124.480492544005,67.40049319539341,53.76415716972297,0.6234826677887043,0.6278944274731114,0.09879008770711624,0.45005572765631063
Morocco,MAR,2016,3.58453478764246,58.271236420398,118.531797132419,60.260560712021004,54.686701632755536,0.6366280779803059,0.5965577125217341,0.10679534397475365,0.44666037815893117
Morocco,MAR,2017,3.89000663311516,61.7622120123071,123.894319060738,62.132107048430896,57.87220537919194,0.6751513133726498,0.6248065653308645,0.1158963773708658,0.4719514186914601
Morocco,MAR,2018,4.33205746913484,64.8038651924043,124.827523956634,60.023658764229694,60.471807723269464,0.7087162347975736,0.6297225298895753,0.1290665581289938,0.48916844093871426
Morocco,MAR,2019,4.83650253578356,84.1203630467602,128.874798962456,44.754435915695794,79.28386051097664,0.9218755578027843,0.6510428857679853,0.14409567281211544,0.572338038794295
Morocco,MAR,2020,5.74683480916137,84.12036305,135.088404811169,50.968041761169005,78.37352824083862,0.9218755578385357,0.683775103813995,0.1712175321400991,0.5922893979308766
Morocco,MAR,2021,6.14617858388986,88.13031937,138.911268095998,50.780948725998,81.98414078611013,0.9661257930983873,0.7039132969414243,0.18311532594400726,0.617718138661273
Morocco,MAR,2022,6.47150166958379,89.9,141.870002419562,51.97000241956201,83.42849833041622,0.985654380934053,0.7194994057769517,0.19280779453418154,0.6326538604150621
Morocco,MAR,2023,7.02184328513844,91.0,148.155101338402,57.155101338402005,83.97815671486156,0.9977929816821619,0.7526082371481629,0.20920432173190917,0.653201846854078
Morocco,MAR,2024,7.30282126551091,91.2,153.057260079672,61.857260079672,83.89717873448909,1.0,0.7784319750424223,0.2175756005284375,0.6653358585236199
Mozambique,MOZ,2010,0.0753198965096013,4.17,31.4105056102953,27.2405056102953,4.094680103490399,0.039615978992788875,0.13761757695732893,0.002244032972874596,0.0598258629743308
Mozambique,MOZ,2011,0.119979505298291,4.599999905,33.216339150187,28.616339245186996,4.480020399701709,0.044361067327806904,0.14713040068990854,0.0035745928822967323,0.06502202030000405
Mozambique,MOZ,2012,0.120955650717816,5.0,36.1781646576283,31.1781646576283,4.879044349282184,0.04877510501181662,0.16273279335597735,0.003603675536538767,0.0717038579681109
Mozambique,MOZ,2013,0.115170237953958,5.5,49.5029641007918,44.0029641007918,5.384829762046042,0.05429265080641165,0.23292556892176478,0.003431308637413621,0.09688317612186335
Mozambique,MOZ,2014,0.143416778231361,6.0,71.6701472266196,65.6701472266196,5.856583221768639,0.059810196601006685,0.3496985167408976,0.004272868048532072,0.1379271937968121
Mozambique,MOZ,2015,0.160353647407002,6.5,75.8447213176406,69.3447213176406,6.339646352592998,0.06532774239560171,0.37168946253364116,0.00477747432985585,0.14726489308636626
Mozambique,MOZ,2016,0.170460624854022,7.0,54.9641156223382,47.9641156223382,6.829539375145978,0.07084528819019674,0.26169398564111285,0.005078595171734883,0.1125392896676815
Mozambique,MOZ,2017,0.218845913283962,7.7963266079129,42.1619694080105,34.365642800097596,7.577480694628938,0.07963282524342465,0.19425445832847102,0.006520155604906644,0.09346914639226744
Mozambique,MOZ,2018,0.241713568697421,10.89999962,48.5007087167822,37.6007090967822,10.658286051302579,0.11388214119470316,0.22764585814416785,0.007201459949949057,0.11624315309627335
Mozambique,MOZ,2019,0.234152423439938,12.47929955,49.4350694242276,36.9557698742276,12.245147126560063,0.13130986056905464,0.23256791132140006,0.0069761880091103795,0.12361798663318835
Mozambique,MOZ,2020,0.227393157051228,14.28740025,50.2318825476662,35.944482297666205,14.060007092948771,0.15126241739603327,0.23676538723688909,0.006774806736012444,0.1316008704563116
Mozambique,MOZ,2021,0.206558007808804,16.35759926,43.1636190464176,26.8060197864176,16.151041252191195,0.1741072530792339,0.1995309781413328,0.006154057583910216,0.1265974296014923
Mozambique,MOZ,2022,0.197784521833894,18.96220016,45.8178199662019,26.855619806201904,18.764415638166103,0.20284926256402072,0.2135128568377895,0.0058926659367212,0.14075159511284382
Mozambique,MOZ,2023,0.149001818335337,19.94560051,47.5003032540948,27.554702744094804,19.796598691664663,0.2137011754951123,0.2223758924372369,0.004439265172385679,0.1468387777015783
Mozambique,MOZ,2024,0.141999688956087,20.52729988,49.5047696961223,28.9774698161223,20.385300191043914,0.22012028132043648,0.23293508049065081,0.004230648194196286,0.1524286700017612
Namibia,NAM,2010,0.447196455037916,11.6,92.4287530968414,80.82875309684141,11.152803544962083,0.12160670950047102,0.4590513193194539,0.013323486050326589,0.19799383829008385
Namibia,NAM,2011,0.820472202485644,12.0,102.24430130572,90.24430130572,11.179527797514355,0.12602074613614705,0.5107579566628381,0.024444625670325064,0.2204077761564367
Namibia,NAM,2012,1.09598141666067,12.94139957,97.8210232683603,84.8796236983603,11.84541815333933,0.13640917661312119,0.487456880810566,0.032652971533635125,0.21883967631910742
Namibia,NAM,2013,1.58667582978618,13.89999962,121.105585418565,107.205585798565,12.313323790213818,0.14698741596227335,0.6101159911505347,0.047272408013060284,0.2681252717086228
Namibia,NAM,2014,1.78241879056579,14.84000015,115.5200011764,100.6800010264,13.05758135943421,0.15736040790471056,0.5806920840376031,0.053104248981423144,0.2637189136412456
Namibia,NAM,2015,2.96542138735627,25.68790054,107.392368276966,81.704467736966,22.722479152643732,0.27706798225877116,0.5378770972586624,0.0883498740714112,0.3010983178629483
Namibia,NAM,2016,2.63785901436242,31.0333004,109.049558197665,78.01625779766499,28.395441385637582,0.3360549592947149,0.5466068917047012,0.07859068958318577,0.320417513527534
Namibia,NAM,2017,2.623967181163,36.83739853,106.914765245509,70.077366715509,34.213431348837,0.40010371375191167,0.5353611657776974,0.07817680516223202,0.3378805615639471
Namibia,NAM,2018,2.43865058644091,42.8207016,107.060260494691,64.23955889469099,40.38205101355909,0.4661300111352437,0.536127609986879,0.07265560069636824,0.35830440727283036
Namibia,NAM,2019,2.60177914003955,49.77590179,106.53315947895,56.75725768895,47.17412264996045,0.5428812822530458,0.5333509315493369,0.07751574881202616,0.3845826542048029
Namibia,NAM,2020,2.88695019939445,57.8608017,106.206587456143,48.345785756142995,54.973851500605555,0.6320988932493303,0.5316306057162364,0.08601195353026286,0.4165804841652765
Namibia,NAM,2021,3.1781346555903,60.25999832,103.727351391971,43.467353071971,57.0818636644097,0.6585742476915055,0.5185704120998651,0.09468731755985564,0.42394399245040876
Namibia,NAM,2022,3.29190749644768,62.99720001,100.557816104444,37.560616094444,59.70529251355232,0.6887795190387414,0.5018738396648202,0.09807699303914988,0.4295767839142372
Namibia,NAM,2023,3.52006938690795,63.69549942,87.6760954339972,23.980596013997207,60.17543003309205,0.6964853169847687,0.43401512766103445,0.10487470292820929,0.41179171585800417
Namibia,NAM,2024,2.83462992194067,64.87460327,85.1648988113055,20.29029554130551,62.03997334805933,0.7094968359626854,0.42078657126211627,0.08445315654305162,0.4049121879226178
Niger,NER,2010,0.0090640821544235,0.829999983,22.1684789291814,21.3384789461814,0.8209359008455765,0.0027587728972975154,0.08893215340798727,0.00027004948447821765,0.03065365859658767
Niger,NER,2011,0.012307668661491,0.9,27.612953279822,26.712953279822003,0.887692331338509,0.0035312294961373767,0.11761271762948304,0.0003666868327690875,0.0405035446527965
Niger,NER,2012,0.0205698689039478,1.049999952,30.2495367855019,29.1995368335019,1.0294300830960523,0.00518649270483149,0.131501790786948,0.0006128455588395899,0.04576704301687302
Niger,NER,2013,0.0345574257482412,1.149999976,37.8312018781097,36.681201902109706,1.1154425502517586,0.006290002128592693,0.17144071208406564,0.0010295819090355958,0.059586765373897975
Niger,NER,2014,0.155881254433501,1.24867568902241,42.8624011489646,41.61372545994219,1.092794434588909,0.007378897659423622,0.19794421352528713,0.004644226705187254,0.069989112629966
Niger,NER,2015,0.136352479886906,2.476200104,44.9309205276883,42.4547204236883,2.3398476241130943,0.020924742006668277,0.20884082154731104,0.004062398847832098,0.07794265413393714
Niger,NER,2016,0.0372575269558715,4.322800159,36.120522177752,31.797722018752,4.2855426320441286,0.04130214274219668,0.16242914258282531,0.0011100270028395753,0.06828043744262052
Niger,NER,2017,0.0403537206550309,10.2243115586561,40.9549864276209,30.730674868964805,10.183957838001069,0.10642586155205096,0.18789627741808743,0.0012022730237888283,0.09850813733130907
Niger,NER,2018,0.0441443443827109,10.74180031,46.88312405607535,36.14132374607535,10.69765596561729,0.11213639731950652,0.21912469746689317,0.0013152084502413915,0.11085876774554704
Niger,NER,2019,0.0479349681103909,11.28549957,52.8112616845298,41.525762114529805,11.23756460188961,0.11813616845058138,0.2503531175156989,0.0014281438766939544,0.12330580994765807
Niger,NER,2020,0.0505953107507067,11.85680008,60.0355524816093,48.1787524016093,11.806204769249293,0.12444052190338235,0.2884094518496132,0.001507404429093305,0.1381191260606963
Niger,NER,2021,0.06960322339208014,12.45689964,61.5063092448251,49.0494096048251,12.387296416607919,0.131062675510615,0.29615714815323274,0.002073714058944224,0.14309784590759733
Niger,NER,2022,0.08861113603345357,13.08749962,63.3770548032743,50.2895551832743,12.998888483966546,0.13802140404605642,0.3060119173514506,0.002640023688795143,0.1488911150287674
Niger,NER,2023,0.107619048674827,12.98079967,65.735032215569,52.75423254556901,12.873180621325172,0.13684396032524443,0.3184333410281363,0.003206333318646062,0.15282787822400892
Niger,NER,2024,0.111273829357144,15.55760002,60.5939862118112,45.0363861918112,15.446326190642857,0.16527918819455145,0.29135118569406054,0.0033152215240181845,0.15331519847087674
Nigeria,NGA,2010,0.0594732858863234,11.5,52.3861480651505,40.8861480651505,11.440526714113677,0.12050320034155201,0.24811369132378266,0.001771909159714451,0.1234629336083497
Nigeria,NGA,2011,0.0337885581960162,13.80000019,55.5301267540609,41.7301265640609,13.766211631803984,0.14588391309335658,0.26467563594708676,0.0010066747594121713,0.1371887412666185
Nigeria,NGA,2012,0.008103830505709,16.10000038,64.0053263148187,47.905325934818705,16.09189654949429,0.1712646258451611,0.30932154474151546,0.00024144035910989158,0.16027587031526216
Nigeria,NGA,2013,0.008309884720275,19.10000038,70.282509513161,51.182509133161005,19.091690495279725,0.2043699006127313,0.34238867744441226,0.0002475794069991427,0.1823353858213809
Nigeria,NGA,2014,0.0084670582080396,21.0,74.7512781478918,53.751278147891796,20.99153294179196,0.2253365704388576,0.3659293900210676,0.0002522621336802728,0.19717274086453515
Nigeria,NGA,2015,0.0082277471458061,22.51420021,79.1045279367312,56.5903277267312,22.505972462854192,0.2420459084405784,0.38886156897904745,0.0002451322524760791,0.21038420322403398
Nigeria,NGA,2016,0.0552235758942345,24.13750076,78.970142296733,54.832641536733,24.082277184105767,0.25995917868661106,0.3881536483001739,0.001645296009812068,0.2165860409988657
Nigeria,NGA,2017,0.0553465496536786,25.87789917,72.3679681751497,46.4900690051497,25.822552620346322,0.2791646345426418,0.3533745187275848,0.0016489598115932576,0.21139603769393997
Nigeria,NGA,2018,0.0360912702919465,27.74370003,84.2840110939485,56.540311063948494,27.70760875970805,0.29975391791993133,0.41614620469548674,0.0010752802953962266,0.23899180097027142
Nigeria,NGA,2019,0.0397927035008571,29.74410057,88.1169010528984,58.3728004828984,29.704307866499143,0.32182852109389665,0.4363372166356302,0.001185558436400172,0.2531170987219757
Nigeria,NGA,2020,0.0305206381229766,31.88879967,95.4356648074949,63.546865137494905,31.858279031877025,0.3454954720936501,0.47489121843030535,0.000909312432371735,0.2737653343187757
Nigeria,NGA,2021,0.0301639204550369,35.50979996,89.2915858426408,53.7817858826408,35.479636039544964,0.3854535419382839,0.44252525617488475,0.0008986846136152186,0.27629249424226127
Nigeria,NGA,2022,0.0433814077089791,39.14720154,99.5852151989567,60.438013658956706,39.10382013229102,0.42559260152024847,0.49675034363284215,0.0012924780014302837,0.30787847438484034
Nigeria,NGA,2023,0.051283785190682,40.06399918,98.4772822731425,58.4132830931425,40.01271539480932,0.43570954744640183,0.4909139415514943,0.001527916397588761,0.30938380179849495
Nigeria,NGA,2024,0.0787379280608494,41.21139908,70.7619057835431,29.5505067035431,41.13266115193915,0.44837121043232936,0.34491405540282283,0.002345867625586163,0.2652103778202461
Rwanda,RWA,2010,0.038206733709049,8.0,34.395374562166,26.395374562165998,7.961793266290951,0.08188037977938681,0.1533413585666231,0.001138307063632463,0.07878668180321412
Rwanda,RWA,2011,0.0817592046252728,7.0,42.049425685328,35.049425685328,6.918240795374727,0.07084528819019674,0.19366159715248962,0.0024358816131900248,0.08898092231862546
Rwanda,RWA,2012,0.0507668537320886,8.023900032,52.5466576287262,44.5227575967262,7.973133178267911,0.08214411882149138,0.24895922838573165,0.0015125152713053242,0.11087195415950944
Rwanda,RWA,2013,0.0250690955113609,9.0,60.2988640030865,51.2988640030865,8.97493090448864,0.09291547136857686,0.2897965321287402,0.000746892647687922,0.127819632048335
Rwanda,RWA,2014,0.0256670688163416,10.60000038,68.1670448387062,57.56704445870621,10.57433331118366,0.11057162210461578,0.3312447695946365,0.0007647082830705919,0.14752703332744097
Rwanda,RWA,2015,0.181485911280924,12.45600033,75.2543165296423,62.798316199642294,12.274514418719075,0.13105275154239795,0.36857931059824417,0.005407075525849563,0.1683463792221639
Rwanda,RWA,2016,0.182235644842436,14.63710022,74.8502057565523,60.2131055365523,14.454864575157565,0.15512138859372032,0.3664505238258641,0.005429412609553457,0.17566710834304597
Rwanda,RWA,2017,0.178494450936973,17.2,72.2764598764471,55.0764598764471,17.021505549063026,0.18340322239993537,0.3528924685848689,0.005317949863707726,0.18053788028283732
Rwanda,RWA,2018,0.0600656822760033,19.16659927,77.679469147812,58.512869877812,19.106533587723995,0.20510482546361966,0.3813546018261587,0.0017895586400384726,0.19608299530993897
Rwanda,RWA,2019,0.0695438976971303,21.3579998,75.5985451901883,54.2405453901883,21.28845590230287,0.22928713102076934,0.3703926485937676,0.002071946547014768,0.20058390872051723
Rwanda,RWA,2020,0.135352981978881,23.8,81.2378724761376,57.4378724761376,23.66464701802112,0.2562348268885898,0.40009966491420845,0.004032620444437168,0.22012237074907848
Rwanda,RWA,2021,0.238872174708692,24.4416008,81.6381635400584,57.1965627400584,24.202728625291307,0.26331495048028736,0.40220833010880536,0.007116805269112862,0.2242133619527352
Rwanda,RWA,2022,0.349951615372613,28.01679993,80.5952224850433,52.57842255504329,27.666848314627387,0.30276760032943,0.3967142941411135,0.010426235300346788,0.2366360432569634
Rwanda,RWA,2023,0.445556123195211,28.80579948,91.4622704078141,62.6564709278141,28.36024335680479,0.31147428262750976,0.45396005301045755,0.013274615049275532,0.25956965022908096
Rwanda,RWA,2024,0.595648307197658,31.70330048,93.201462876722,61.49816239672201,31.107652172802343,0.34344847154227953,0.4631218229235045,0.01774636588113332,0.2747722201156391
Sao Tome and Principe,STP,2010,0.321778638298809,18.75,56.5065290810882,37.7565290810882,18.42822136170119,0.20050761436317996,0.2698191572207299,0.009586867584412696,0.15997121305610754
Sao Tome and Principe,STP,2011,0.396985709591756,20.16119957,61.9653216553819,41.8041220853819,19.764213860408244,0.2160803308687556,0.2985751474074471,0.011827539114719302,0.17549433913030735
Sao Tome and Principe,STP,2012,0.410686289517998,21.57239914,64.4914721889368,42.919073048936795,21.161712850482004,0.23165304737433123,0.3118824784636146,0.012235725457594479,0.1852570837651801
Sao Tome and Principe,STP,2013,0.506347464120778,23.0,64.8875473729989,41.887547372998895,22.49365253587922,0.2474067536172377,0.3139689351206649,0.015085793500441402,0.19215382741278134
Sao Tome and Principe,STP,2014,0.559036830362815,24.40999985,65.3056660923834,40.895666242383406,23.850963019637184,0.26296623110273193,0.316171513369951,0.016655586883680115,0.19859777711878765
Sao Tome and Principe,STP,2015,0.656045453864627,25.81999969,92.3511291071491,66.5311294171491,25.16395423613537,0.2785257084778753,0.45864240935347406,0.019545799959895555,0.25223797259708164
Sao Tome and Principe,STP,2016,0.69959595265331,28.0,87.4112004084658,59.4112004084658,27.30040404734669,0.30258221156318804,0.4326197057520646,0.020843315753142588,0.2520150776894651
Sao Tome and Principe,STP,2017,0.714596318307001,32.61640167,84.0522781079383,51.435876437938305,31.901805351693,0.353524626804128,0.41492547476648595,0.02129022708324203,0.263246776217952
Sao Tome and Principe,STP,2018,0.740768934329906,37.99380112,77.3644421396185,39.3706410196185,37.253032185670094,0.41286472224653825,0.37969509316506345,0.02206999731744964,0.2715432709096838
Sao Tome and Principe,STP,2019,0.769475894129115,44.25790024,77.6791069955762,33.42120675557621,43.48842434587088,0.4819896297595031,0.3813526940698194,0.02292527417423872,0.29542253266785373
Sao Tome and Principe,STP,2020,1.15528778715478,51.55469894,80.1172764274381,28.562577487438098,50.39941115284522,0.5625104717218861,0.3941965556567833,0.034419907722578705,0.33037564503374933
Sao Tome and Principe,STP,2021,1.54216281238596,54.94950104,85.2577705092336,30.308269469233593,53.40733822761404,0.5999724238225609,0.4212758035598995,0.045946215554000004,0.3557314809788201
Sao Tome and Principe,STP,2022,2.02470117761428,58.56779861,86.7784626941517,28.210664084151702,56.543097432385714,0.6399006689044546,0.4292865511659634,0.06032265594264714,0.376503292004355
Sao Tome and Principe,STP,2023,2.50139688397417,58.70130157,63.4540500972405,4.752748527240499,56.19990468602583,0.6413738862954826,0.3064175154553504,0.07452502387822944,0.34077214187635413
Sao Tome and Principe,STP,2024,2.9940221452347,59.11759949,62.4367400312479,3.319140541247897,56.1235773447653,0.645967771971072,0.3010584991753964,0.08920198681588662,0.345409419320785
Senegal,SEN,2010,0.62243315671597,8.0,66.0343828887904,58.034382888790404,7.37756684328403,0.08188037977938681,0.3200102694247342,0.01854437660974491,0.14014500860462195
Senegal,SEN,2011,0.715438976017789,9.800000191,72.1733338879073,62.3733336969073,9.084561214982212,0.10174354674763142,0.3523492184294387,0.021315332689801306,0.1584693659556238
Senegal,SEN,2012,0.717937236744388,10.80000019,86.1774562103062,75.3774560203062,10.082062953255612,0.11277863832578638,0.42612055130126797,0.021389764277006305,0.18676298463468688
Senegal,SEN,2013,0.77845653467557,13.10000038,95.7910921489982,82.6910917689982,12.321543845324431,0.13815935107759092,0.47676354917107955,0.023192837652651233,0.21270524596710724
Senegal,SEN,2014,0.730365001608948,17.70000076,101.608432443463,83.908431683463,16.969635758391053,0.18892077658120002,0.5074083077222997,0.021760029179476663,0.23936303782765878
Senegal,SEN,2015,0.689431357378244,21.70000076,102.508995376039,80.808994616039,21.01056940262176,0.23306114293796026,0.5121523199739518,0.020540478282431704,0.2552513137314479
Senegal,SEN,2016,0.654181134204409,25.66480064,101.010767153806,75.345966513806,25.01061950579559,0.27681307274657,0.504259908699913,0.019490255608623455,0.26685441235170215
Senegal,SEN,2017,0.722423169961464,29.64310074,101.831108002442,72.188007262442,28.92067757003854,0.32071397871935403,0.5085813246672879,0.02152341531105876,0.2836062395659002
Senegal,SEN,2018,0.815734181499159,35.29999924,104.055698143919,68.75569890391901,34.48426505850084,0.38313837177760585,0.5203000869040189,0.02430346409400122,0.3092473075918753
Senegal,SEN,2019,0.929784903272944,43.37969971,109.341890091569,65.962190381569,42.44991480672705,0.47229860647727784,0.5481468463664619,0.027701418580142814,0.34938229047462754
Senegal,SEN,2020,1.05641006886622,53.30879974,113.638091206029,60.329291466029005,52.25238967113378,0.5818671347065576,0.5707785026175808,0.03147400802801593,0.3947065484507182
Senegal,SEN,2021,1.20966034985347,55.04040146,115.325093678501,60.28469221850101,53.830741110146526,0.6009755182827566,0.5796653445122188,0.03603984918784609,0.4055602373276072
Senegal,SEN,2022,1.40365165848276,56.82830048,118.150293497239,61.321993017239,55.424648821517245,0.6207051477206799,0.5945480163040953,0.0418195025488903,0.4190242221912219
Senegal,SEN,2023,1.97393200956788,59.18740082,123.911572643075,64.72417182307501,57.21346881043212,0.6467380360406693,0.6248974542660304,0.05881007172013682,0.4434818540089454
Senegal,SEN,2024,4.03828584004829,60.11780167,123.894453697506,63.776652027505996,56.07951582995171,0.6570050946350795,0.624807274574443,0.12031411351986891,0.46737549424313046
Seychelles,SYC,2010,7.15270977456276,41.0,123.813585199693,82.813585199693,33.84729022543724,0.44603840222265884,0.6243812730919034,0.2131032744777495,0.4278409832641039
Seychelles,SYC,2011,9.7006926121372,43.16400146,130.476995382586,87.312993922586,33.463308847862805,0.4699183565328999,0.6594829838130029,0.2890162505544858,0.47280586363346283
Seychelles,SYC,2012,10.6255588037331,47.07600021,137.106577057151,90.030576847151,36.4504414062669,0.5130876210359469,0.6944064917098928,0.3165711241750781,0.5080217456403059
Seychelles,SYC,2013,12.1565631336135,50.40000153,133.985679723389,83.58567819338901,38.243438396386495,0.5497682800447355,0.6779661357370295,0.3621848910159213,0.5299731022658954
Seychelles,SYC,2014,11.3010491715558,51.25469971,144.60603512527,93.35133541527001,39.953650538444194,0.5591999527421495,0.7339123603937621,0.33669625350342364,0.5432695222131118
Seychelles,SYC,2015,12.5151543411359,54.25960159,138.248624452112,83.98902286211201,41.744447248864105,0.592359320204479,0.7004226030083724,0.3728685288162017,0.5552168173430178
Seychelles,SYC,2016,12.7798872711048,56.51470184,138.276832299833,81.76213045983299,43.7348145688952,0.6172445580060344,0.7005711971491486,0.3807558129387998,0.5661905226979943
Seychelles,SYC,2017,13.5385628007507,62.55310059,148.791660366282,86.238559776282,49.0145377892493,0.6838788412643352,0.755961521763736,0.40335930793990454,0.6143998903226585
Seychelles,SYC,2018,17.114916550765,69.23660278,155.551112656467,86.31450987646701,52.121686229234996,0.7576319000675376,0.7915691659595393,0.5099109112957689,0.6863706591076152
Seychelles,SYC,2019,22.9273268168296,76.63420105,164.617084572886,87.982883522886,53.7068742331704,0.8392650745170216,0.8393271629732525,0.6830821567881349,0.787224798092803
Seychelles,SYC,2020,29.067843812089,79.25170135,152.5450781854,73.2933768354,50.18385753791101,0.8681494300622541,0.775733887997522,0.8660288049702977,0.8366373743433578
Seychelles,SYC,2021,33.5645230796751,81.99530029,149.479213250181,67.483912960181,48.430777210324905,0.8984252956491589,0.7595834333335866,1.0,0.8860029096609151
Seychelles,SYC,2022,29.8314239734867,84.83380127,163.429518331448,78.59571706144801,55.002377296513295,0.9297484139394645,0.8330712661389079,0.8887784254426375,0.88386603517367
Seychelles,SYC,2023,30.7719361318005,86.001297,129.24400747161,43.242710471609996,55.22936086819949,0.9426318362500028,0.6529878133543681,0.916799445019803,0.8374730315413913
Seychelles,SYC,2024,31.5968654633563,87.81800079,125.616862703001,37.798861913001005,56.221135326643704,0.9626793289630815,0.6338806320588014,0.9413768635517926,0.8459789415245585
Sierra Leone,SLE,2010,,0.579999983,32.1403169099528,31.5603169269528,,0.0,0.14146209866894974,,
Sierra Leone,SLE,2011,,0.899999976,33.4572729332228,32.5572729572228,,0.003531229231295179,0.14839959885165085,,
Sierra Leone,SLE,2012,,2.5,33.7348956202641,31.234895620264098,,0.021187376038841476,0.1498620679151878,,
Sierra Leone,SLE,2013,,4.0,59.5765507292095,55.5765507292095,,0.03774001342262657,0.2859915087407559,,
Sierra Leone,SLE,2014,,6.057300091,69.1758823858757,63.118582294875694,,0.06044250835326061,0.33655915408746573,,
Sierra Leone,SLE,2015,,6.344399929,80.3818885694169,74.0374886404169,,0.06361068136083224,0.39559048738334524,,
Sierra Leone,SLE,2016,,7.680099964,87.1475941136892,79.4674941496892,,0.07835025358274161,0.43123107265736715,,
Sierra Leone,SLE,2017,,9.297100067,89.7781754066341,80.4810753396341,,0.09619399781907638,0.4450885271797298,,
Sierra Leone,SLE,2018,,14.42230034,84.1233437327877,69.70104339278771,,0.15275105224457328,0.41529983638271695,,
Sierra Leone,SLE,2019,0.002224524058551,15.71370029,87.0384355077496,71.32473521774959,15.711475765941449,0.16700176897109875,0.43065604370023536,6.627605145082648e-05,0.19924136290759498
Sierra Leone,SLE,2020,0.002274864841433,17.12080002,87.0034823125467,69.88268229254669,17.11852515515857,0.18252924336677334,0.4304719162169926,6.777587263888572e-05,0.20435631181880157
Sierra Leone,SLE,2021,0.0022731197902009,18.65390015,101.636782141976,82.982881991976,18.6516270302098,0.1994471437167225,0.5075576491089051,6.772388169511579e-05,0.23569083890244089
Sierra Leone,SLE,2022,,21.50880051,107.882000873042,86.373200363042,,0.23095123066733422,0.5404563984385905,,
Sierra Leone,SLE,2023,,23.71360016,,,,0.2552813967408984,,,
Sierra Leone,SLE,2024,,25.10499954,,,,0.2706356163363407,,,
"Somalia, Fed. Rep.",SOM,2010,,,5.28635539640489,,,,0.0,,
"Somalia, Fed. Rep.",SOM,2011,,1.25,14.5762796961332,13.3262796961332,,0.007393511552353898,0.04893774005195605,,
"Somalia, Fed. Rep.",SOM,2012,0.320997403131009,1.376700044,18.457350680033,17.080650636033,1.055702640868991,0.008791658142248308,0.06938256143105301,0.009563591961936383,0.029245937178412566
"Somalia, Fed. Rep.",SOM,2013,0.466215173532281,1.5,40.2732207402969,38.7732207402969,1.033784826467719,0.010152284449651413,0.1843048518148044,0.01389011762287176,0.06944908462910919
"Somalia, Fed. Rep.",SOM,2014,0.524757653796535,1.629999995,41.2309585125849,39.6009585175849,1.1052423412034649,0.011586846301070663,0.18935005139081607,0.015634294953361057,0.07219039754841593
"Somalia, Fed. Rep.",SOM,2015,0.593903235635527,1.75999999,42.2685278435236,40.5085278535236,1.1660967543644731,0.013021408152489915,0.19481579003034896,0.017694374331663407,0.07517719083816743
"Somalia, Fed. Rep.",SOM,2016,0.641171280544494,1.879999995,46.366719307758,44.486719312758,1.238828714455506,0.014345619198368178,0.21640436514561798,0.019102648323722302,0.08328421088923615
"Somalia, Fed. Rep.",SOM,2017,0.656984899202092,2.163800001,47.725260177752,45.561460176752,1.506815101797908,0.017477378257590864,0.22356092722305806,0.019573789195292554,0.08687069822531383
"Somalia, Fed. Rep.",SOM,2018,0.6341507905711595,2.447600007,49.5262671956948,47.0786671886948,1.8134492164288405,0.020609137316813558,0.23304832565949218,0.018893484321699412,0.09085031576600172
"Somalia, Fed. Rep.",SOM,2019,0.611316681940227,2.731400013,51.3194116563494,48.588011643349404,2.120083331059773,0.023740896376036245,0.24249430548235104,0.01821317944810627,0.09481612710216451
"Somalia, Fed. Rep.",SOM,2020,0.714663593733325,15.02369976,53.1133178401473,38.089618080147304,14.309036166266674,0.15938754992595905,0.2519442979330824,0.021292231444399325,0.14420802643448025
"Somalia, Fed. Rep.",SOM,2021,0.68899907598855,23.87479973,51.2059481348129,27.3311484048129,23.185800654011448,0.25706024875998645,0.24189659896255783,0.020527599166328434,0.17316148229629091
"Somalia, Fed. Rep.",SOM,2022,0.668468085170923,27.6,49.6800986995936,22.0800986995936,26.93153191482908,0.298168174927512,0.23385868383967898,0.019915911916404138,0.1839809235611984
"Somalia, Fed. Rep.",SOM,2023,0.722963033976147,26.12010002,53.9579646939598,27.837864673959803,25.397136986023853,0.28183734310537145,0.2563937537988086,0.0215394996752966,0.18659019885982553
"Somalia, Fed. Rep.",SOM,2024,,27.94020081,,,,0.30192232202457864,,,
South Africa,ZAF,2010,1.41945452406807,24.0,96.2325212467793,72.2325212467793,22.58054547593193,0.25844184520642777,0.47908892252629753,0.04229032305028093,0.2599403635943354
South Africa,ZAF,2011,1.71147559482032,33.97,120.765642853915,86.795642853915,32.25852440517968,0.3684617083506527,0.6083252315786916,0.05099061264054424,0.34259251752329617
South Africa,ZAF,2012,2.0586596396561,41.0,127.16760060932,86.16760060932,38.9413403603439,0.44603840222265884,0.6420496554113785,0.06133439270891102,0.3831408167809827
South Africa,ZAF,2013,2.95399728205402,46.5,140.576037974212,94.076037974212,43.54600271794598,0.5067314059632042,0.7126830213135321,0.08800951156201009,0.43580797961291545
South Africa,ZAF,2014,3.06919322257941,49.0,142.60448245213,93.60448245212999,45.93080677742059,0.5343191349361793,0.7233685215789195,0.09144158596544907,0.44970974749351605
South Africa,ZAF,2015,2.48458942184794,51.91910172,155.137526067883,103.21842434788299,49.43451229815206,0.5665316897745416,0.7893904622039347,0.07402427306802628,0.4766488083488342
South Africa,ZAF,2016,2.00974331775672,54.0,143.92861725374,89.92861725373999,51.99025668224328,0.5894945928821296,0.730343838344077,0.059877011003136055,0.4599051474097809
South Africa,ZAF,2017,1.94879126044618,56.16740036,153.547950468153,97.380550108153,54.218609099553824,0.6134120543651731,0.781016848492702,0.05806104427046857,0.4841633157094479
South Africa,ZAF,2018,1.88868165955195,62.40000153,157.691905248121,95.291903718121,60.51131987044805,0.6821893791150162,0.802846496966271,0.05627017714712103,0.5137686844094694
South Africa,ZAF,2019,2.09833928490665,69.69689941,162.73854828041,93.04164887040999,67.59856012509336,0.7627113155377832,0.829431353514176,0.06251658275988713,0.5515530839372821
South Africa,ZAF,2020,2.15159473337087,72.1128006,158.447269436121,86.33446883612099,69.96120586662913,0.7893710064398664,0.8068256269445402,0.0641032416359213,0.5534332916734427
South Africa,ZAF,2021,2.75540858002384,74.96859741,163.12806305125,88.15946564125,72.21318882997616,0.8208849857983332,0.8314832510309644,0.08209288639326355,0.5781537077408537
South Africa,ZAF,2022,3.12297476001713,78.29319763,160.728511675754,82.435314045754,75.17022286998287,0.8575722537234746,0.8188428227920851,0.093043918800927,0.5898196651054955
South Africa,ZAF,2023,3.4056617766544,78.33670044,171.508619260428,93.17191882042799,74.9310386633456,0.8580523112162117,0.8756305947577108,0.10146611553425257,0.611716340502725
South Africa,ZAF,2024,5.34791194620067,78.35759735,179.336329840585,100.97873249058499,73.00968540379934,0.8582829105319929,0.9168656418059276,0.1593322787130285,0.6448269436836497
South Sudan,SSD,2010,2.05213384468404e-05,,15.3910038351303,,,,0.053229568148925564,6.113996733434011e-07,
South Sudan,SSD,2011,3.88798369068601e-05,,17.4959266080871,,,,0.06431794305585725,1.1583610711395353e-06,
South Sudan,SSD,2012,0.0001580477936528,1.5,21.3829367883201,19.8829367883201,1.4998419522063473,0.010152284449651413,0.08479405111037742,4.70877519330836e-06,0.031650348111740716
South Sudan,SSD,2013,0.000895553799275,2.200000048,25.5521917559795,23.3521917079795,2.199104494200725,0.017876849091768853,0.10675697666657481,2.6681558893273835e-05,0.04155350243907898
South Sudan,SSD,2014,0.0008900698731552,2.599999905,25.599272919722,22.999273014722,2.5991098351268445,0.022290884149426777,0.1070049922238858,2.6518174294994804e-05,0.043107464849202526
South Sudan,SSD,2015,0.001350431476361,3.0,26.0993389998038,23.0993389998038,2.998649568523639,0.026704921833436503,0.10963925522176184,4.0233894375777674e-05,0.0454614703165247
South Sudan,SSD,2016,0.0013850285066567,3.5,24.930513119821,21.430513119821,3.4986149714933434,0.032222467628031534,0.1034820794219257,4.126465623744853e-05,0.045248603902064886
South Sudan,SSD,2017,0.001949478485263,4.1,27.1848244017002,23.084824401700203,4.098050521514737,0.03884352258154557,0.1153574075677129,5.80815190084885e-05,0.05141967055608898
South Sudan,SSD,2018,0.0019757033923913,4.800000191,18.9297575209348,14.129757329934801,4.798024487607608,0.04656808880168111,0.0718711202645727,5.88628471705496e-05,0.039499357304474784
South Sudan,SSD,2019,0.0019187626590366,6.671000004,21.3171365460584,14.6461365420584,6.6690812413409635,0.06721474310149357,0.08444742663344244,5.7166391266214694e-05,0.05057311204206741
South Sudan,SSD,2020,0.00187970182192655,,25.7340897726362,,,,0.10771518445900777,5.6002637590426484e-05,
South Sudan,SSD,2021,0.0018406409848165,,30.151042999214,,,,0.1309829422845731,5.483888391463828e-05,
South Sudan,SSD,2022,0.0018146882134276,,48.4888320004297,,,,0.22758329362385776,5.406566359128396e-05,
South Sudan,SSD,2023,0.0017416484040317,,46.6152369503945,,,,0.21771351378895254,5.18895620800985e-05,
Sudan,SDN,2010,0.038120087820776,,51.0900410875249,,,,0.24128602036499747,0.0011357255912824071,
Sudan,SDN,2011,0.0482280334312411,,69.3293475524591,,,,0.3373675824650262,0.0014368752780058254,
Sudan,SDN,2012,0.0671366912133078,,74.908489729676,,,,0.3667575538762604,0.00200022777186315,
Sudan,SDN,2013,0.068033405839313,,73.1963836514564,,,,0.3577384704592152,0.002026943915687884,
Sudan,SDN,2014,0.0532180170690202,,71.597721245773,,,,0.34931698900080793,0.0015855436689117212,
Sudan,SDN,2015,0.0701896299287803,12.0,69.8036331859409,57.803633185940896,11.92981037007122,0.12602074613614705,0.339866038458084,0.0020911850814076794,0.15599265655854624
Sudan,SDN,2016,0.0639264882225092,14.0999999446534,67.3954575547604,53.295457610107,14.03607345643089,0.14919443786269138,0.32718017910812,0.0019045850307707693,0.15942640066719405
Sudan,SDN,2017,0.071519364027593,18.60000038,67.0598253428254,48.45982496282541,18.528481015972407,0.19885235481813626,0.32541212574075096,0.0021308023313133667,0.17546509429673351
Sudan,SDN,2018,0.070883060223742,,68.0533719238149,,,,0.33064596002628927,0.002111844701486762,
Sudan,SDN,2019,0.0719282386176834,,72.4818502607404,,,,0.3539744301715753,0.002142984080153349,
Sudan,SDN,2020,0.0615141548276354,,75.2207425678785,,,,0.368402448682011,0.001832713507700192,
Sudan,SDN,2021,0.0632992450276202,,71.767230205952,,,,0.35020993335235234,0.0018858973469505628,
Sudan,SDN,2022,0.0604394040047428,,70.2084038614961,,,,0.3419983014843343,0.001800693066940722,
Tanzania,TZA,2010,0.0168772457192924,2.900000095,46.8823991552172,43.9823990602172,2.8831228492807077,0.025601413722851202,0.21912087881255166,0.0005028298980810595,0.08174170747782798
Tanzania,TZA,2011,0.0614129670738248,3.200000048,55.7610427273527,52.5610426793527,3.1385870809261753,0.028911940680958915,0.2658920619921439,0.0018296987842801571,0.09887790048579431
Tanzania,TZA,2012,0.0872309140026673,3.950000048,57.4558483868666,53.5058483388666,3.862769133997333,0.03718825937285146,0.2748200097480045,0.0025989022336351843,0.10486905711816373
Tanzania,TZA,2013,0.11556786021862,4.400000095,56.2075025692215,51.807502474221494,4.28443223478138,0.042154051106636295,0.2682439364509757,0.003443155141644238,0.10461371423308541
Tanzania,TZA,2014,0.168018787598672,7.0,63.2804353521698,56.2804353521698,6.831981212401328,0.07084528819019674,0.3055029425278073,0.0050058446294568475,0.1271180251158203
Tanzania,TZA,2015,0.203764013437506,10.0,76.2492627491202,66.2492627491202,9.796235986562493,0.10395056295776693,0.37382051794111887,0.00607081509705391,0.1612806319986466
Tanzania,TZA,2016,0.591695,13.5042328468919,74.3983656514054,60.8941328045135,12.912537846891901,0.14262009337306727,0.36407030705581206,0.01762858356710271,0.17477299466532736
Tanzania,TZA,2017,1.37184,14.46339989,71.7911684370749,57.3277685470749,13.09155989,0.15320458954309776,0.350336035879585,0.04087172627906975,0.18147078390058416
Tanzania,TZA,2018,1.49944,15.49069977,75.7301934140355,60.2394936440355,13.991259770000001,0.16454093780846174,0.37108614903026993,0.044673359321705415,0.19343348205347902
Tanzania,TZA,2019,1.75692,16.59090042,80.5835569684446,63.9926565484446,14.83398042,0.17668175274769818,0.39665284218515995,0.0523445542732558,0.20855971640203796
Tanzania,TZA,2020,1.86248,19.48139954,84.0050558283384,64.5236562883384,17.61891954,0.20857867527537147,0.41467671583485627,0.055489541608527114,0.22624831090625164
Tanzania,TZA,2021,1.97842,22.87540054,86.0162814148027,63.140880874802704,20.89698054,0.24603178716417412,0.4252715099107468,0.05894378404554262,0.24341569370682115
Tanzania,TZA,2022,0.110774196881278,26.86059952,93.0159746238635,66.15537510386349,26.749825323118724,0.29000882290962093,0.462144702377824,0.0033003357925963503,0.2518179536933471
Tanzania,TZA,2023,0.10501728326893,28.43190002,105.40028112088,76.96838110088,28.326882736731072,0.30734826784126107,0.5273831211766153,0.003128817979020322,0.2792867356656323
Tanzania,TZA,2024,0.246433216306666,31.16209984,126.559163217786,95.397063377786,30.915666623693333,0.33747627291175125,0.6388445107897315,0.007342074121586222,0.32788761927435633
Togo,TGO,2010,0.404376324713075,3.0,38.6520343582485,35.6520343582485,2.595623675286925,0.026704921833436503,0.17576471788252085,0.012047730389410595,0.07150579003512265
Togo,TGO,2011,0.492143829355825,3.5,38.9697843149559,35.4697843149559,3.007856170644175,0.032222467628031534,0.1774385705729375,0.014662619462447877,0.07477455255447231
Togo,TGO,2012,0.584347876051159,4.0,46.6464180614517,42.6464180614517,3.415652123948841,0.03774001342262657,0.21787777057493016,0.017409688040674387,0.09100915734607705
Togo,TGO,2013,0.0949153119330303,4.5,58.5138554393817,54.0138554393817,4.40508468806697,0.043257559217221596,0.28039341082627106,0.0028278462860241264,0.10882627210983892
Togo,TGO,2014,0.168753220162062,5.699999809,60.4368580586019,54.7368582496019,5.531246588837939,0.056499667016547184,0.29052346132640067,0.005027725844978565,0.11735028472930881
Togo,TGO,2015,0.862199121906724,7.119999886,63.3574638254671,56.2374639394671,6.257800764093275,0.07216949792289912,0.30590871541477604,0.025687810902602283,0.13458867474675915
Togo,TGO,2016,0.620529481672155,11.31000042,70.0588130571426,58.7488126371426,10.689470938327844,0.11840653757434437,0.3412102825875788,0.01848765972926679,0.15936815996373
Togo,TGO,2017,0.627393839501362,12.3602249692905,75.3357270694068,62.9755021001163,11.732831129789139,0.1299958616649809,0.3690081674655279,0.018692172029736914,0.17256540038674859
Togo,TGO,2018,0.316705449644003,15.5,74.3997114343066,58.899711434306596,15.183294550355997,0.16464356669831226,0.36407739641108133,0.009435720236280762,0.17938556111522483
Togo,TGO,2019,0.376920048379618,20.72730064,73.7224727486533,52.99517210865331,20.350380591620382,0.22232730802494408,0.36050981828209716,0.011229715598368233,0.1980222806351365
Togo,TGO,2020,0.607931974735055,29.02370071,75.164019137873,46.140318427873,28.415768735264944,0.3138788426579569,0.3681036393071546,0.018112337639714194,0.23336493986827522
Togo,TGO,2021,0.749325974933037,30.33839989,70.4496733018494,40.111273411849396,29.589073915066965,0.32838666852149,0.34326926783169587,0.02232494032923677,0.2313269588941409
Togo,TGO,2022,1.03723561669214,35.60749817,72.2147547047011,36.607256534701094,34.570262553307856,0.3865316506337338,0.3525674162424234,0.03090273662551264,0.25666726783389
Togo,TGO,2023,1.22815843837127,37.57020187,75.7906769713952,38.2204751013952,36.34204343162873,0.408190265725676,0.3714047661160489,0.036590969442821544,0.2720620004281821
Togo,TGO,2024,1.41538265577438,39.48320007,80.8035554767112,41.320355406711194,38.06781741422562,0.4293003760726318,0.39781175688263315,0.04216900840254933,0.2897603804526047
Tunisia,TUN,2010,4.47896057767152,36.8,103.234503500842,66.434503500842,32.321039422328475,0.3996910175480605,0.5159741732928459,0.13344329567976915,0.34970282884022513
Tunisia,TUN,2011,5.13830793305368,39.1,113.794012236779,74.694012236779,33.96169206694632,0.4250717282031977,0.5715998680695791,0.15308747038819592,0.38325302222032426
Tunisia,TUN,2012,4.78950869178639,41.4416008,116.660316175441,75.218715375441,36.652092108213616,0.4509115074965185,0.5866990693692324,0.14269556818719295,0.3934353816843146
Tunisia,TUN,2013,4.66714973152741,43.79999924,114.100647129197,70.300647889197,39.13284950847259,0.47693665028572135,0.5732151684931197,0.13905008334093058,0.3964006340399238
Tunisia,TUN,2014,5.03392320650315,46.15999985,126.692106854109,80.53210700410901,41.126076643496845,0.5029794731676158,0.6395448352386753,0.1499774984007274,0.43083393560233946
Tunisia,TUN,2015,5.03388625276524,46.4999943435776,128.008569175385,81.5085748318074,41.466108090812355,0.5067313435440649,0.6464797346833009,0.14997639742462168,0.43439582521732917
Tunisia,TUN,2016,5.55369160408213,49.5999948415756,123.883093580407,74.2830987388314,44.04630323749347,0.5409401329660076,0.6247474314110745,0.1654631466354769,0.44371690367085304
Tunisia,TUN,2017,6.8819804955977,55.5001550633671,123.034053994945,67.5338989315779,48.6181745677694,0.6060489414043728,0.620274835382668,0.2050373389564133,0.4771203719144847
Tunisia,TUN,2018,8.6185014951323,64.1908102327387,125.532926143303,61.3421159105643,55.5723087376064,0.7019511171684565,0.6334384685484403,0.2567741384161424,0.5307212413776797
Tunisia,TUN,2019,10.0541966829532,66.6999983024144,124.386924181822,57.686925879407596,56.645801619461196,0.7296402373318309,0.6274015252666065,0.29954832544727833,0.5521966960152386
Tunisia,TUN,2020,11.1467984493476,68.55639648,124.041976750236,55.485580270236,57.409598030652404,0.7501257612474935,0.6255844009075804,0.3321006058357347,0.5692702559969363
Tunisia,TUN,2021,12.4220429522978,68.31552226,129.846077003661,61.530554743661014,55.893479307702194,0.7474676921683188,0.6561594131760777,0.3700944274646921,0.5912405109363629
Tunisia,TUN,2022,13.9309222767522,71.04368150666666,131.875365428496,60.83168392182934,57.11275922991446,0.7775731793251811,0.666849359210183,0.4150490160007079,0.619823851512024
Tunisia,TUN,2023,14.0829860846719,73.77184075333334,132.653682480562,58.88184172722866,59.688854668661435,0.8076786664820437,0.6709494009697401,0.419579508138455,0.6327358585300796
Tunisia,TUN,2024,14.9741523024679,76.5,117.606816067203,41.106816067203,61.5258476975321,0.837784153638906,0.5916850697033372,0.4461303462266519,0.6251998565229651
Uganda,UGA,2010,0.043222146830449,4.300000191,39.6046507276973,35.304650536697295,4.25677804416955,0.04105054300708608,0.18078293878004598,0.0012877330843596001,0.07437373829049722
Uganda,UGA,2011,0.106474251498514,4.599999905,50.0591238800663,45.459123975066305,4.493525653501486,0.044361067327806904,0.23585532397975642,0.0031722259614941225,0.09446287242301915
Uganda,UGA,2012,0.1118312903834,4.800000191,47.6342672974029,42.8342671064029,4.688168900616599,0.04656808880168111,0.2230815922165034,0.003331830162399034,0.0909938370601945
Uganda,UGA,2013,0.117440503367543,5.099999905,51.1323160552035,46.032316150203506,4.982559401632456,0.04987861312240194,0.24150871769946564,0.0034989474776317845,0.09829542609983312
Uganda,UGA,2014,0.151661444002794,5.400000095,55.9572451997482,50.5572451047482,5.248338650997206,0.05318914269582636,0.266925623222769,0.004518504363752815,0.10821109009411607
Uganda,UGA,2015,0.215083639463292,5.699999809,53.8755501186925,48.175550309692504,5.484916169536708,0.056499667016547184,0.25595960784338445,0.0064080648175077245,0.10628911322581312
Uganda,UGA,2016,0.237414982677972,5.9,58.8633638178484,52.9633638178484,5.662585017322028,0.05870668744208768,0.2822345614771848,0.007073390618850711,0.11600487984604106
Uganda,UGA,2017,0.1833698902080512,7.417900085,62.0968142578109,54.6789141728109,7.234530194791949,0.07545685390330206,0.2992678280568054,0.0054632055927852675,0.12672929585096424
Uganda,UGA,2018,0.12932479773813038,9.326299667,58.8753608703264,49.5490612033264,9.19697486926187,0.09651621807944409,0.28229775990772266,0.0038530205667198247,0.12755566618462885
Uganda,UGA,2019,0.0752797052682096,11.72579956,59.0598078769828,47.3340083169828,11.65051985473179,0.12299491916695084,0.2832693953456321,0.0022428355406543823,0.1361690500177458
Uganda,UGA,2020,0.077818750062982,7.4,62.2824129624858,54.8824129624858,7.322181249937018,0.07525932482587278,0.3002455304438556,0.0023184822223827435,0.12594111249737036
Uganda,UGA,2021,0.0838841644026815,10.0,65.6220730009172,55.6220730009172,9.916115835597319,0.10395056295776693,0.3178382911111779,0.0024991913099303743,0.14142934845962507
Uganda,UGA,2022,0.0850849430150062,9.636899948,70.1401117953081,60.5032118473081,9.551815004984993,0.09994372062790725,0.3416385505030678,0.002534966542293257,0.14803907922442275
Uganda,UGA,2023,0.0912969650305002,9.286999702,76.2966796632588,67.0096799612588,9.1957027369695,0.0960825393662171,0.37407030217437126,0.0027200435654569097,0.15762429503534842
Uganda,UGA,2024,0.207613333991268,8.949831061,83.165031466902,74.215200405902,8.74221772700873,0.09236185253177936,0.4102516104722122,0.006185499299317846,0.16959965410110314
Zambia,ZMB,2010,0.0735163860556164,3.0,39.0029310604332,36.0029310604332,2.9264836139443835,0.026704921833436503,0.17761318198648623,0.002190300332321243,0.06883613471741466
Zambia,ZMB,2011,0.113694638710784,3.5,56.5498570557445,53.0498570557445,3.386305361289216,0.032222467628031534,0.27004740161673313,0.003387345574399997,0.1018857382730549
Zambia,ZMB,2012,0.100572436125372,4.099999905,70.5708583739075,66.4708584689075,3.999427468874628,0.03884352153321187,0.34390765016541736,0.0029963910372459114,0.12858252091195838
Zambia,ZMB,2013,0.0873238692104427,4.8,67.5095981900639,62.7095981900639,4.712676130789557,0.04656808669397862,0.32778145254799196,0.0026016716818276922,0.1256504036412661
Zambia,ZMB,2014,0.129100933199499,6.5,63.6342658198343,57.1342658198343,6.370899066800501,0.06532774239560171,0.30736686120898893,0.003846350889391177,0.12551365149799393
Zambia,ZMB,2015,0.142629874135082,8.8,70.4778478853307,61.677847885330706,8.657370125864919,0.09070845305073887,0.3434176867421191,0.0042494235296151464,0.1461251877741577
Zambia,ZMB,2016,0.18791063697532,10.30000019,71.0460770668914,60.7460768768914,10.112089553024681,0.10726109253119136,0.34641102135712415,0.005598489706803216,0.1530902011983729
Zambia,ZMB,2017,0.205901846878562,12.19999981,77.0500111230113,64.85001131301131,11.994097963121437,0.12822776235731764,0.3780387240862061,0.00613450834352076,0.17080033159568153
Zambia,ZMB,2018,0.401856748651311,14.2999970950012,86.0723321005416,71.7723350055404,13.898140346349889,0.15140142473435636,0.4255667753833088,0.011972663746700283,0.1963136212881218
Zambia,ZMB,2019,0.48013272665923,14.47189999,93.0147820773422,78.5428820873422,13.99176726334077,0.15329838892511505,0.46213842024572305,0.01430476832694736,0.2099138591659285
Zambia,ZMB,2020,0.431897234933218,14.64579964,100.235122888213,85.58932324821299,14.213902405066781,0.15521738749019315,0.5001739467245834,0.012867670841262517,0.22275300168534637
Zambia,ZMB,2021,0.411108017009319,14.82190037,103.28257957834,88.46067920834001,14.410792352990681,0.15716067517466636,0.5162274298864851,0.012248290137578754,0.2285454650662434
Zambia,ZMB,2022,0.428949863290405,15.0,98.4372601156219,83.4372601156219,14.571050136709594,0.15912602090371725,0.4907031116375068,0.012779858729771566,0.22086966375699854
Zambia,ZMB,2023,0.681389878819039,16.45070076,102.06156495632,85.61086419632,15.769310881180962,0.17513463665882487,0.5097953326761989,0.020300895597460542,0.23507695497749478
Zambia,ZMB,2024,0.789797548725881,17.10099983,108.704779873813,91.603780043813,16.311202281274117,0.18231074645663997,0.5447906581764353,0.02353072459427081,0.2502107097424487
Zimbabwe,ZWE,2010,0.24706982672469,6.400000095,57.6496262357609,51.249626140760896,6.15293026827531,0.06422423428501642,0.27584079847469994,0.00736104088648,0.11580869121539877
Zimbabwe,ZWE,2011,0.250084145959699,8.399999619,67.6698277302716,59.26982811127161,8.149915473040302,0.08629441221069295,0.3286255144944987,0.007450847591847261,0.140790258099013
Zimbabwe,ZWE,2012,0.520376234079784,12.0,91.2870035773198,79.2870035773198,11.479623765920216,0.12602074613614705,0.45303677717809027,0.0155037577278998,0.19818709368071238
Zimbabwe,ZWE,2013,0.741525786567077,15.5,97.2838146490947,81.7838146490947,14.758474213432923,0.16464356669831226,0.4846269572379853,0.022092546490437275,0.22378769014224495
Zimbabwe,ZWE,2014,1.0715151211425,16.3647399572904,83.0460608477621,66.68132089047171,15.2932248361479,0.17418605132784412,0.40962489349956066,0.031924038324600924,0.2052449943840019
Zimbabwe,ZWE,2015,1.13887667161631,22.74279976,88.5991977366782,65.85639797667821,21.60392308838369,0.24456852541207605,0.43887787347816515,0.033930965409901905,0.2391257881000477
Zimbabwe,ZWE,2016,1.17009972538909,23.12000084,88.2100456333277,65.09004479332769,21.94990111461091,0.24873097387741747,0.4368278864319848,0.034861205166285845,0.2401400218252294
Zimbabwe,ZWE,2017,1.26454162104636,24.39999962,95.136682697741,70.73668307774099,23.13545799895364,0.262855877648769,0.4733162315633241,0.037674946789638716,0.2579490186672439
Zimbabwe,ZWE,2018,1.35060459802592,25.0,85.8627371320218,60.862737132021806,23.64939540197408,0.26947693679561785,0.42446266476252364,0.04023905225228047,0.24472621793680735
Zimbabwe,ZWE,2019,1.33860961244598,26.5883007,86.4094297249598,59.82112902495979,25.24969108755402,0.28700398049129255,0.42734254829422386,0.03988168129987735,0.2514094033617979
Zimbabwe,ZWE,2020,1.31037848666133,29.29856532,84.9604118996672,55.661846579667206,27.988186833338673,0.31691199880393395,0.419709369015584,0.03904058113832774,0.25855398298594856
Zimbabwe,ZWE,2021,1.29980547197891,32.5923996,90.2538486226365,57.661449022636496,31.29259412802109,0.35325976176334783,0.44759429272133744,0.038725575480201106,0.2798598766549621
Zimbabwe,ZWE,2022,1.62150159909829,36.25650024,88.9958314912836,52.739331251283595,34.63499864090171,0.3936934479177578,0.440967272589768,0.048309984779142764,0.2943235684288895
Zimbabwe,ZWE,2023,1.5745780720211,38.67480087,91.6344110473757,52.95961017737571,37.1002227979789,0.42037961686000375,0.45486686060107373,0.04691197513170033,0.3073861508642593
Zimbabwe,ZWE,2024,1.93865437549104,41.64279938,94.2451753366358,52.6023759566358,39.70414500450896,0.4531317522544334,0.4686199225209084,0.057759032383361546,0.3265035690529011
